task,task_display,feature,feature_family,raw_auc,orientation_independent_auc,direction,positive_mean,negative_mean,positive_median,negative_median,mann_whitney_p_descriptive,n_positive,n_negative,rank,decision,redundancy_group,decision_reason
malignant_vs_non_malignant,Malignant vs non-malignant,GLCM_correlation,GLCM texture,0.1948051948051948,0.8051948051948052,lower in positive group,0.8011558219739301,0.8762506737028718,0.8099509161444289,0.8799330015867427,0.015178308281756559,7,22,1,retained,,Retained as the next highest-ranking nonredundant descriptor.
malignant_vs_non_malignant,Malignant vs non-malignant,Kurtosis,intensity-distribution,0.7922077922077921,0.7922077922077921,higher in positive group,0.6171031294923267,-0.07648297157688534,0.5802453190881875,-0.15344105737078978,0.020738348774330784,7,22,2,retained,,Retained as the next highest-ranking nonredundant descriptor.
malignant_vs_non_malignant,Malignant vs non-malignant,LowObj_MeanEccentricity,low-signal morphology,0.7662337662337662,0.7662337662337662,higher in positive group,0.8701511223883346,0.8054998605501186,0.8557154951800452,0.804734581271462,0.03687002652519894,7,22,3,retained,low_signal_elongation,Retained as the next highest-ranking nonredundant descriptor. Both describe elongation of low-signal objects; eccentricity was retained for clearer interpretation.
malignant_vs_non_malignant,Malignant vs non-malignant,LowObj_MeanAspectRatio,low-signal morphology,0.7662337662337662,0.7662337662337662,higher in positive group,2.870448836131089,2.2564815069933206,2.518389942014596,2.0601650586361075,0.03687002652519894,7,22,4,excluded as redundant,low_signal_elongation,Overlaps with retained descriptor LowObj_MeanEccentricity; only one member of redundancy group low_signal_elongation was retained.
malignant_vs_non_malignant,Malignant vs non-malignant,LowObj_MeanSolidity,low-signal morphology,0.2402597402597402,0.7597402597402598,lower in positive group,0.7625965580975166,0.8220030641507298,0.7622956059169447,0.8075057540484187,0.04217250349184382,7,22,5,retained,,Retained at an equal-AUC boundary: Solidity added a nonredundant low-signal morphology dimension at the fourth-feature boundary.
malignant_vs_non_malignant,Malignant vs non-malignant,IQR,intensity-distribution,0.24025974025974026,0.7597402597402597,lower in positive group,42.418665648077415,60.09383116883118,41.57575757575758,57.58333333333333,0.04217250349184382,7,22,6,not retained,,Not retained at an equal-AUC boundary: Solidity added a nonredundant low-signal morphology dimension at the fourth-feature boundary.
malignant_vs_non_malignant,Malignant vs non-malignant,StdDev,intensity-distribution,0.2597402597402597,0.7402597402597403,lower in positive group,34.300822073602,42.66556644384293,33.84165064273228,41.93861417920337,0.06182165327592615,7,22,7,not retained,,Panel already contained four descriptors.
malignant_vs_non_malignant,Malignant vs non-malignant,GrayEntropy,intensity-distribution,0.2857142857142857,0.7142857142857143,lower in positive group,6.93086190804397,7.17614436529463,7.037544329317976,7.21356224084113,0.0983905483155858,7,22,8,not retained,,Panel already contained four descriptors.
malignant_vs_non_malignant,Malignant vs non-malignant,Min,intensity-distribution,0.7077922077922078,0.7077922077922078,higher in positive group,2.827552839317545,0.38203463203463206,0.23529411764705882,0.0,0.041578681214405055,7,22,9,not retained,,Panel already contained four descriptors.
malignant_vs_non_malignant,Malignant vs non-malignant,LowObj_Count,low-signal morphology,0.3084415584415584,0.6915584415584416,lower in positive group,12.61322468381292,18.60573593073593,12.411764705882353,17.833333333333332,0.1393652503625008,7,22,10,not retained,,Panel already contained four descriptors.
malignant_vs_non_malignant,Malignant vs non-malignant,GLCM_entropy,GLCM texture,0.3311688311688311,0.6688311688311689,lower in positive group,7.006994110146158,7.300429069259698,6.909119823745335,7.341521041767223,0.1985801970809467,7,22,11,not retained,,Panel already contained four descriptors.
malignant_vs_non_malignant,Malignant vs non-malignant,LowObj_MedianArea_px,low-signal morphology,0.3311688311688311,0.6688311688311689,lower in positive group,52.06858500976148,75.51647727272727,40.5,59.75,0.1985801970809467,7,22,12,not retained,,Panel already contained four descriptors.
malignant_vs_non_malignant,Malignant vs non-malignant,HighSignalRatio,signal-area,0.35064935064935066,0.6493506493506493,lower in positive group,0.09392891718856045,0.15684302786647128,0.07963911784361774,0.0933055411241618,0.2580491805379362,7,22,13,not retained,,Panel already contained four descriptors.
malignant_vs_non_malignant,Malignant vs non-malignant,P10,intensity-distribution,0.6428571428571428,0.6428571428571428,higher in positive group,45.86681096681097,37.63222402597403,46.4,37.41666666666667,0.28023167903227875,7,22,14,not retained,,Panel already contained four descriptors.
malignant_vs_non_malignant,Malignant vs non-malignant,P90,intensity-distribution,0.3701298701298701,0.6298701298701299,lower in positive group,133.34062473474236,150.7745238095238,145.5,146.58333333333331,0.32819743974166765,7,22,15,not retained,,Panel already contained four descriptors.
malignant_vs_non_malignant,Malignant vs non-malignant,GLCM_energy,GLCM texture,0.6233766233766234,0.6233766233766234,higher in positive group,0.11473786815902397,0.1049313764820734,0.11211141806507602,0.09963112232660487,0.35397685772498366,7,22,16,not retained,,Panel already contained four descriptors.
malignant_vs_non_malignant,Malignant vs non-malignant,LowObj_TotalAreaRatio_filtered,low-signal morphology,0.37662337662337664,0.6233766233766234,lower in positive group,0.13076543942997604,0.14013948727347467,0.0725218837106949,0.10524332585097264,0.35397685772498366,7,22,17,not retained,low_signal_occupancy,Panel already contained four descriptors.
malignant_vs_non_malignant,Malignant vs non-malignant,GLCM_ASM,GLCM texture,0.6168831168831168,0.6168831168831168,higher in positive group,0.013958153218708202,0.011829478850223835,0.012732935896723654,0.010149902910652396,0.3809262035648842,7,22,18,not retained,,Panel already contained four descriptors.
malignant_vs_non_malignant,Malignant vs non-malignant,P75,intensity-distribution,0.3863636363636364,0.6136363636363635,lower in positive group,114.93832442067738,130.90281385281386,125.0,130.04166666666669,0.3860951695278365,7,22,19,not retained,,Panel already contained four descriptors.
malignant_vs_non_malignant,Malignant vs non-malignant,LowSignalRatio,signal-area,0.38961038961038963,0.6103896103896104,lower in positive group,0.14388543308097404,0.14923530572092028,0.08479632255856032,0.11656519345169453,0.4090518843142531,7,22,20,not retained,low_signal_occupancy,Panel already contained four descriptors.
malignant_vs_non_malignant,Malignant vs non-malignant,LowObj_MeanArea_px,low-signal morphology,0.4025974025974026,0.5974025974025974,lower in positive group,171.023066091633,122.86290589555806,75.60714285714286,115.111239747095,0.4686848883250682,7,22,21,not retained,,Panel already contained four descriptors.
malignant_vs_non_malignant,Malignant vs non-malignant,GLCM_homogeneity,GLCM texture,0.5844155844155844,0.5844155844155844,higher in positive group,0.45102679539266116,0.4326542775253723,0.42750952264733894,0.42876948436777357,0.532615743410346,7,22,22,not retained,,Panel already contained four descriptors.
malignant_vs_non_malignant,Malignant vs non-malignant,LowObj_Density_per_10kpx,low-signal morphology,0.42207792207792205,0.577922077922078,lower in positive group,8.980995109366518,11.97162989540763,8.677685950413224,8.940541724525557,0.5660759363907789,7,22,23,not retained,,Panel already contained four descriptors.
malignant_vs_non_malignant,Malignant vs non-malignant,LowObj_MeanCircularity,low-signal morphology,0.42207792207792205,0.577922077922078,lower in positive group,0.6819985606952145,0.7413914106987197,0.7586407156349366,0.692659690137838,0.5660759363907789,7,22,24,not retained,,Panel already contained four descriptors.
malignant_vs_non_malignant,Malignant vs non-malignant,GLCM_contrast,GLCM texture,0.5714285714285714,0.5714285714285714,higher in positive group,6.944658593452324,6.813623130310506,8.406770197885368,6.19235222534598,0.600480528966286,7,22,25,not retained,,Panel already contained four descriptors.
malignant_vs_non_malignant,Malignant vs non-malignant,Median,intensity-distribution,0.4318181818181819,0.5681818181818181,lower in positive group,94.83906289788642,104.82483766233767,101.03030303030303,109.33333333333334,0.6101666501954246,7,22,26,not retained,,Panel already contained four descriptors.
malignant_vs_non_malignant,Malignant vs non-malignant,P25,intensity-distribution,0.5681818181818181,0.5681818181818181,higher in positive group,72.51965877259995,70.80898268398268,79.5,70.625,0.6102546689024398,7,22,27,not retained,,Panel already contained four descriptors.
malignant_vs_non_malignant,Malignant vs non-malignant,Skewness,intensity-distribution,0.5194805194805194,0.5194805194805194,higher in positive group,-0.13821658940632284,-0.44678356401981795,-0.5790084100662254,-0.479111164493368,0.900967464985456,7,22,28,not retained,,Panel already contained four descriptors.
malignant_vs_non_malignant,Malignant vs non-malignant,Mean,intensity-distribution,0.487012987012987,0.512987012987013,lower in positive group,92.54276534750001,99.59674340516017,101.1051737580753,102.39093748981321,0.9404823229410936,7,22,29,not retained,,Panel already contained four descriptors.
malignant_vs_non_malignant,Malignant vs non-malignant,Max,intensity-distribution,0.49350649350649345,0.5064935064935066,lower in positive group,198.35579322638145,198.94713203463206,205.0,196.0,0.9796627054008319,7,22,30,not retained,,Panel already contained four descriptors.
malignant_vs_non_malignant,Malignant vs non-malignant,GLCM_dissimilarity,GLCM texture,0.4935064935064935,0.5064935064935066,lower in positive group,1.810549366470037,1.8635368722814112,2.082214762605582,1.7952451680416044,0.9801496687553659,7,22,31,not retained,,Panel already contained four descriptors.
inflammatory_vs_hyperplastic,Inflammatory vs hyperplastic,Skewness,intensity-distribution,0.1,0.9,lower in positive group,-0.5150209439078279,-0.09040105835899792,-0.5473453410282063,-0.0926832118553088,0.007492507492507492,10,6,1,retained,,Retained as the next highest-ranking nonredundant descriptor.
inflammatory_vs_hyperplastic,Inflammatory vs hyperplastic,LowObj_MeanCircularity,low-signal morphology,0.8833333333333333,0.8833333333333333,higher in positive group,0.799855664152711,0.6327461087725031,0.7814267862625379,0.6286136699034753,0.010989010989010988,10,6,2,retained,,Retained as the next highest-ranking nonredundant descriptor.
inflammatory_vs_hyperplastic,Inflammatory vs hyperplastic,LowObj_MeanSolidity,low-signal morphology,0.8500000000000001,0.8500000000000001,higher in positive group,0.844088013434121,0.7908871884009958,0.8206596183101585,0.7980165264540122,0.02247752247752248,10,6,3,retained,,Retained as the next highest-ranking nonredundant descriptor.
inflammatory_vs_hyperplastic,Inflammatory vs hyperplastic,Kurtosis,intensity-distribution,0.8333333333333334,0.8333333333333334,higher in positive group,-0.03222508118590876,-0.8004991888416867,0.014115822658038985,-0.7753577929727842,0.031218781218781223,10,6,4,not retained,,Not retained at an equal-AUC boundary: Low-signal area fraction added canonical signal-occupancy information at the fourth-feature boundary.
inflammatory_vs_hyperplastic,Inflammatory vs hyperplastic,LowSignalRatio,signal-area,0.16666666666666669,0.8333333333333333,lower in positive group,0.12447316535898378,0.2423256987020852,0.1070895920259897,0.2467775664506434,0.031218781218781223,10,6,5,retained,low_signal_occupancy,Retained at an equal-AUC boundary: Low-signal area fraction added canonical signal-occupancy information at the fourth-feature boundary. Both describe low-signal occupancy; LowSignalRatio is the canonical direct area-fraction descriptor.
inflammatory_vs_hyperplastic,Inflammatory vs hyperplastic,LowObj_TotalAreaRatio_filtered,low-signal morphology,0.16666666666666669,0.8333333333333333,lower in positive group,0.11543727184416144,0.23393934389932514,0.09323942534868337,0.23533299286183906,0.031218781218781223,10,6,6,not retained,low_signal_occupancy,Not retained at an equal-AUC boundary: Low-signal area fraction added canonical signal-occupancy information at the fourth-feature boundary.
inflammatory_vs_hyperplastic,Inflammatory vs hyperplastic,P25,intensity-distribution,0.8166666666666667,0.8166666666666667,higher in positive group,75.98499999999999,47.60238095238096,78.125,46.30714285714286,0.04195804195804197,10,6,7,not retained,,Panel already contained four descriptors.
inflammatory_vs_hyperplastic,Inflammatory vs hyperplastic,GLCM_contrast,GLCM texture,0.2,0.8,lower in positive group,6.564497115190636,8.96581388988387,6.071744835933993,8.348961405019953,0.05594405594405595,10,6,8,not retained,,Panel already contained four descriptors.
inflammatory_vs_hyperplastic,Inflammatory vs hyperplastic,GLCM_dissimilarity,GLCM texture,0.2,0.8,lower in positive group,1.8541808312597614,2.1352583951455895,1.8196482157953406,2.1370235827116977,0.05594405594405595,10,6,9,not retained,,Panel already contained four descriptors.
inflammatory_vs_hyperplastic,Inflammatory vs hyperplastic,LowObj_MeanArea_px,low-signal morphology,0.2,0.8,lower in positive group,96.57927337696417,161.53384872825544,63.890511363636364,147.57347555648013,0.05594405594405595,10,6,10,not retained,,Panel already contained four descriptors.
inflammatory_vs_hyperplastic,Inflammatory vs hyperplastic,P10,intensity-distribution,0.7833333333333333,0.7833333333333333,higher in positive group,41.73875,17.60079365079365,41.39375000000001,16.135714285714286,0.07267732267732269,10,6,11,not retained,,Panel already contained four descriptors.
inflammatory_vs_hyperplastic,Inflammatory vs hyperplastic,LowObj_MeanAspectRatio,low-signal morphology,0.23333333333333334,0.7666666666666666,lower in positive group,1.94787173749604,2.6220497523599,1.8982932651838014,2.5531291111964665,0.09340659340659341,10,6,12,not retained,low_signal_elongation,Panel already contained four descriptors.
inflammatory_vs_hyperplastic,Inflammatory vs hyperplastic,Median,intensity-distribution,0.7583333333333333,0.7583333333333333,higher in positive group,109.3475,91.09801587301587,109.9375,95.3,0.10323337436768161,10,6,13,not retained,,Panel already contained four descriptors.
inflammatory_vs_hyperplastic,Inflammatory vs hyperplastic,IQR,intensity-distribution,0.25,0.75,lower in positive group,56.85333333333333,79.2968253968254,56.65,70.95,0.11788211788211789,10,6,14,not retained,,Panel already contained four descriptors.
inflammatory_vs_hyperplastic,Inflammatory vs hyperplastic,GLCM_entropy,GLCM texture,0.26666666666666666,0.7333333333333334,lower in positive group,7.297798002584433,7.576464662750067,7.4232148723628,7.678045958791815,0.14710289710289712,10,6,15,not retained,,Panel already contained four descriptors.
inflammatory_vs_hyperplastic,Inflammatory vs hyperplastic,LowObj_MedianArea_px,low-signal morphology,0.2666666666666667,0.7333333333333333,lower in positive group,75.37875,98.50555555555555,54.5,84.16666666666666,0.14710289710289712,10,6,16,not retained,,Panel already contained four descriptors.
inflammatory_vs_hyperplastic,Inflammatory vs hyperplastic,GLCM_homogeneity,GLCM texture,0.7166666666666667,0.7166666666666667,higher in positive group,0.4275605589357929,0.404933691574358,0.42617793586615504,0.3866511835608306,0.1805694305694306,10,6,17,not retained,,Panel already contained four descriptors.
inflammatory_vs_hyperplastic,Inflammatory vs hyperplastic,StdDev,intensity-distribution,0.30000000000000004,0.7,lower in positive group,41.33361564423054,49.48711806042937,41.97537800615084,47.892287701441134,0.2197802197802198,10,6,18,not retained,,Panel already contained four descriptors.
inflammatory_vs_hyperplastic,Inflammatory vs hyperplastic,GLCM_ASM,GLCM texture,0.7,0.7,higher in positive group,0.010591817201031507,0.013016444308558297,0.01054791410738048,0.008757393753813111,0.2197802197802198,10,6,19,not retained,,Panel already contained four descriptors.
inflammatory_vs_hyperplastic,Inflammatory vs hyperplastic,GLCM_energy,GLCM texture,0.7,0.7,higher in positive group,0.10168386637982048,0.10491459710515831,0.1022505549621847,0.0909730040741619,0.2197802197802198,10,6,20,not retained,,Panel already contained four descriptors.
inflammatory_vs_hyperplastic,Inflammatory vs hyperplastic,LowObj_MeanEccentricity,low-signal morphology,0.3,0.7,lower in positive group,0.7715406673743112,0.8351762944145423,0.7814062889662652,0.8512321553481874,0.2197802197802198,10,6,21,not retained,low_signal_elongation,Panel already contained four descriptors.
inflammatory_vs_hyperplastic,Inflammatory vs hyperplastic,GrayEntropy,intensity-distribution,0.3333333333333333,0.6666666666666667,lower in positive group,7.166775637428944,7.3088567801089175,7.21356224084113,7.347227625469289,0.31318681318681324,10,6,22,not retained,,Panel already contained four descriptors.
inflammatory_vs_hyperplastic,Inflammatory vs hyperplastic,LowObj_Density_per_10kpx,low-signal morphology,0.35,0.65,lower in positive group,12.86115585493938,15.460506814973963,8.940541724525557,13.742662863756614,0.3676323676323677,10,6,23,not retained,,Panel already contained four descriptors.
inflammatory_vs_hyperplastic,Inflammatory vs hyperplastic,Mean,intensity-distribution,0.6499999999999999,0.6499999999999999,higher in positive group,102.89167774864204,87.97594721144912,103.9046866407266,90.05943005407292,0.3676323676323677,10,6,24,not retained,,Panel already contained four descriptors.
inflammatory_vs_hyperplastic,Inflammatory vs hyperplastic,Max,intensity-distribution,0.3583333333333334,0.6416666666666666,lower in positive group,198.53916666666666,208.33809523809524,198.5,204.8,0.38484673993658747,10,6,25,not retained,,Panel already contained four descriptors.
inflammatory_vs_hyperplastic,Inflammatory vs hyperplastic,P75,intensity-distribution,0.575,0.575,higher in positive group,132.8383333333333,126.89920634920634,130.04166666666669,125.23333333333332,0.6641575296155062,10,6,26,not retained,,Panel already contained four descriptors.
inflammatory_vs_hyperplastic,Inflammatory vs hyperplastic,GLCM_correlation,GLCM texture,0.43333333333333335,0.5666666666666667,lower in positive group,0.869562501426621,0.8806913876230368,0.8799330015867427,0.8802653598211803,0.7127872127872128,10,6,27,not retained,,Panel already contained four descriptors.
inflammatory_vs_hyperplastic,Inflammatory vs hyperplastic,LowObj_Count,low-signal morphology,0.45,0.55,lower in positive group,20.93,21.879365079365076,21.1,21.4,0.7924575424575424,10,6,28,not retained,,Panel already contained four descriptors.
inflammatory_vs_hyperplastic,Inflammatory vs hyperplastic,Min,intensity-distribution,0.47500000000000003,0.5249999999999999,lower in positive group,0.6,0.011904761904761904,0.0,0.0,0.8504362683123465,10,6,29,not retained,,Panel already contained four descriptors.
inflammatory_vs_hyperplastic,Inflammatory vs hyperplastic,P90,intensity-distribution,0.5166666666666667,0.5166666666666667,higher in positive group,151.20966666666666,151.26825396825396,146.58333333333331,148.5,0.9577922077922078,10,6,30,not retained,,Panel already contained four descriptors.
inflammatory_vs_hyperplastic,Inflammatory vs hyperplastic,HighSignalRatio,signal-area,0.5,0.5,no direction,0.15003151477690058,0.1420778597992383,0.0933055411241618,0.11557807628259636,1.0,10,6,31,not retained,,Panel already contained four descriptors.
tubular_adenoma_vs_non_neoplastic,Tubular adenoma vs non-neoplastic,GLCM_dissimilarity,GLCM texture,0.125,0.875,lower in positive group,1.6074087511199828,1.9595849177169469,1.5448358396449817,1.8815745143696199,0.006084730542934878,6,16,1,retained,,Retained as the next highest-ranking nonredundant descriptor.
tubular_adenoma_vs_non_neoplastic,Tubular adenoma vs non-neoplastic,GLCM_homogeneity,GLCM texture,0.8645833333333333,0.8645833333333333,higher in positive group,0.4688643944590192,0.41907548367525477,0.4769148899839539,0.4191609143742619,0.007987884148874861,6,16,2,retained,,Retained as the next highest-ranking nonredundant descriptor.
tubular_adenoma_vs_non_neoplastic,Tubular adenoma vs non-neoplastic,LowObj_Density_per_10kpx,low-signal morphology,0.14583333333333331,0.8541666666666667,lower in positive group,7.000209709955061,13.835912464952347,5.905667855727309,13.06346075576845,0.010400332381756531,6,16,3,retained,,Retained at an equal-AUC boundary: Both descriptors were retained; the order records the fixed panel composition.
tubular_adenoma_vs_non_neoplastic,Tubular adenoma vs non-neoplastic,GLCM_contrast,GLCM texture,0.14583333333333334,0.8541666666666666,lower in positive group,5.076642395936921,7.464990905700599,4.981125030954132,6.509847706477201,0.010400332381756531,6,16,4,retained,,Retained at an equal-AUC boundary: Both descriptors were retained; the order records the fixed panel composition.
tubular_adenoma_vs_non_neoplastic,Tubular adenoma vs non-neoplastic,IQR,intensity-distribution,0.19791666666666669,0.8020833333333333,lower in positive group,46.291666666666664,65.26964285714286,47.75,60.4,0.032809295967190705,6,16,5,not retained,,Panel already contained four descriptors.
tubular_adenoma_vs_non_neoplastic,Tubular adenoma vs non-neoplastic,LowObj_Count,low-signal morphology,0.20833333333333331,0.7916666666666667,lower in positive group,11.458333333333334,21.286011904761903,12.416666666666668,21.4,0.04018066556766247,6,16,6,not retained,,Panel already contained four descriptors.
tubular_adenoma_vs_non_neoplastic,Tubular adenoma vs non-neoplastic,Max,intensity-distribution,0.2552083333333333,0.7447916666666667,lower in positive group,190.23611111111111,202.21376488095237,191.54166666666669,201.0,0.08969279512407018,6,16,7,not retained,,Panel already contained four descriptors.
tubular_adenoma_vs_non_neoplastic,Tubular adenoma vs non-neoplastic,GLCM_entropy,GLCM texture,0.26041666666666663,0.7395833333333334,lower in positive group,7.028778586894769,7.402298000146545,7.126311339336214,7.447475909353589,0.09802581319609184,6,16,8,not retained,,Panel already contained four descriptors.
tubular_adenoma_vs_non_neoplastic,Tubular adenoma vs non-neoplastic,P10,intensity-distribution,0.7395833333333333,0.7395833333333333,higher in positive group,50.819444444444436,32.68701636904762,47.83333333333333,27.75,0.09802581319609184,6,16,9,not retained,,Panel already contained four descriptors.
tubular_adenoma_vs_non_neoplastic,Tubular adenoma vs non-neoplastic,LowObj_MedianArea_px,low-signal morphology,0.2708333333333333,0.7291666666666667,lower in positive group,52.75694444444445,84.05130208333333,52.91666666666667,71.19375,0.11480573090480212,6,16,10,not retained,,Panel already contained four descriptors.
tubular_adenoma_vs_non_neoplastic,Tubular adenoma vs non-neoplastic,LowObj_TotalAreaRatio_filtered,low-signal morphology,0.2708333333333333,0.7291666666666667,lower in positive group,0.08750998969647948,0.15987554886484784,0.08313921918351169,0.1363338608303965,0.11480573090480212,6,16,11,not retained,low_signal_occupancy,Panel already contained four descriptors.
tubular_adenoma_vs_non_neoplastic,Tubular adenoma vs non-neoplastic,Kurtosis,intensity-distribution,0.7291666666666666,0.7291666666666666,higher in positive group,0.5737700950362883,-0.3203278715568255,-0.005517152728127285,-0.41586158721447364,0.11480573090480212,6,16,12,not retained,,Panel already contained four descriptors.
tubular_adenoma_vs_non_neoplastic,Tubular adenoma vs non-neoplastic,LowSignalRatio,signal-area,0.28125,0.71875,lower in positive group,0.09741514667631627,0.1686678653626468,0.09438162901307967,0.14311396728221437,0.13351560719981773,6,16,13,not retained,low_signal_occupancy,Panel already contained four descriptors.
tubular_adenoma_vs_non_neoplastic,Tubular adenoma vs non-neoplastic,StdDev,intensity-distribution,0.29166666666666663,0.7083333333333334,lower in positive group,38.06393282661043,44.3911790503051,38.77706731350442,44.314409495835825,0.15445029686515754,6,16,14,not retained,,Panel already contained four descriptors.
tubular_adenoma_vs_non_neoplastic,Tubular adenoma vs non-neoplastic,P25,intensity-distribution,0.6979166666666667,0.6979166666666667,higher in positive group,85.38888888888887,65.34151785714286,79.04166666666666,66.33333333333334,0.17750257997936017,6,16,15,not retained,,Panel already contained four descriptors.
tubular_adenoma_vs_non_neoplastic,Tubular adenoma vs non-neoplastic,LowObj_MeanAspectRatio,low-signal morphology,0.6979166666666666,0.6979166666666666,higher in positive group,2.4052628774555425,2.2006884930699875,2.325652014822473,1.965517015966436,0.17750257997936017,6,16,16,not retained,low_signal_elongation,Panel already contained four descriptors.
tubular_adenoma_vs_non_neoplastic,Tubular adenoma vs non-neoplastic,GrayEntropy,intensity-distribution,0.32291666666666663,0.6770833333333334,lower in positive group,7.0590464969231554,7.2200560659339335,7.106653947480135,7.263886897416366,0.2307908809456797,6,16,17,not retained,,Panel already contained four descriptors.
tubular_adenoma_vs_non_neoplastic,Tubular adenoma vs non-neoplastic,GLCM_ASM,GLCM texture,0.65625,0.65625,higher in positive group,0.01270528280720991,0.011501052366354052,0.011375900013425939,0.009942781866578286,0.2938361947649873,6,16,18,not retained,,Panel already contained four descriptors.
tubular_adenoma_vs_non_neoplastic,Tubular adenoma vs non-neoplastic,GLCM_energy,GLCM texture,0.65625,0.65625,higher in positive group,0.11036067269607668,0.10289539040182216,0.10570450955231189,0.09891721195188352,0.2938361947649873,6,16,19,not retained,,Panel already contained four descriptors.
tubular_adenoma_vs_non_neoplastic,Tubular adenoma vs non-neoplastic,LowObj_MeanEccentricity,low-signal morphology,0.65625,0.65625,higher in positive group,0.8324220819787075,0.7954040275143978,0.8366286052810459,0.7872127134663516,0.2938361947649873,6,16,20,not retained,low_signal_elongation,Panel already contained four descriptors.
tubular_adenoma_vs_non_neoplastic,Tubular adenoma vs non-neoplastic,LowObj_MeanSolidity,low-signal morphology,0.35416666666666663,0.6458333333333334,lower in positive group,0.8163106910948112,0.8241377040466991,0.7891580690913377,0.8121587131725884,0.3291383539061557,6,16,21,not retained,,Panel already contained four descriptors.
tubular_adenoma_vs_non_neoplastic,Tubular adenoma vs non-neoplastic,Median,intensity-distribution,0.6145833333333334,0.6145833333333334,higher in positive group,111.0138888888889,102.50394345238095,105.5,109.33333333333334,0.43863060392629916,6,16,22,not retained,,Panel already contained four descriptors.
tubular_adenoma_vs_non_neoplastic,Tubular adenoma vs non-neoplastic,Skewness,intensity-distribution,0.38541666666666663,0.6145833333333334,lower in positive group,-0.689437103200622,-0.35578848682701664,-0.48856980696310065,-0.4583696494308745,0.4494123008054896,6,16,23,not retained,,Panel already contained four descriptors.
tubular_adenoma_vs_non_neoplastic,Tubular adenoma vs non-neoplastic,Mean,intensity-distribution,0.6145833333333333,0.6145833333333333,higher in positive group,105.7259823597348,97.29827879719471,101.47464189456997,102.39093748981321,0.4494123008054896,6,16,24,not retained,,Panel already contained four descriptors.
tubular_adenoma_vs_non_neoplastic,Tubular adenoma vs non-neoplastic,Min,intensity-distribution,0.6041666666666666,0.6041666666666666,higher in positive group,0.3888888888888889,0.3794642857142857,0.0,0.0,0.29800230359789226,6,16,25,not retained,,Panel already contained four descriptors.
tubular_adenoma_vs_non_neoplastic,Tubular adenoma vs non-neoplastic,GLCM_correlation,GLCM texture,0.5833333333333334,0.5833333333333334,higher in positive group,0.8829569135764584,0.8737358337502769,0.8802703575317066,0.8799330015867427,0.5900312278021256,6,16,26,not retained,,Panel already contained four descriptors.
tubular_adenoma_vs_non_neoplastic,Tubular adenoma vs non-neoplastic,LowObj_MeanCircularity,low-signal morphology,0.5833333333333333,0.5833333333333333,higher in positive group,0.7525962902016174,0.7371895808851332,0.7185047382798031,0.6761656095686659,0.5900312278021256,6,16,27,not retained,,Panel already contained four descriptors.
tubular_adenoma_vs_non_neoplastic,Tubular adenoma vs non-neoplastic,P75,intensity-distribution,0.5625,0.5625,higher in positive group,131.68055555555557,130.61116071428572,128.5,130.04166666666669,0.6850512989272652,6,16,28,not retained,,Panel already contained four descriptors.
tubular_adenoma_vs_non_neoplastic,Tubular adenoma vs non-neoplastic,P90,intensity-distribution,0.5104166666666667,0.5104166666666667,higher in positive group,149.55555555555557,151.2316369047619,150.0,146.58333333333331,0.9713588784796215,6,16,29,not retained,,Panel already contained four descriptors.
tubular_adenoma_vs_non_neoplastic,Tubular adenoma vs non-neoplastic,HighSignalRatio,signal-area,0.5104166666666666,0.5104166666666666,higher in positive group,0.18296071774965553,0.14704889416027722,0.1208459087024877,0.0933055411241618,0.9713588784796215,6,16,30,not retained,,Panel already contained four descriptors.
tubular_adenoma_vs_non_neoplastic,Tubular adenoma vs non-neoplastic,LowObj_MeanArea_px,low-signal morphology,0.5,0.5,no direction,127.99801726051726,120.9372391336984,109.78078865578865,117.68310422520949,1.0,6,16,31,not retained,,Panel already contained four descriptors.
