task,case_id,pathology,true_label,model_name,oof_probability,positive_label,negative_label
malignant_vs_non_malignant,C01,adenocarcinoma,1,Intensity-distribution baseline,0.9551246630911316,Malignant,Non-malignant
malignant_vs_non_malignant,C02,adenocarcinoma,1,Intensity-distribution baseline,0.9074555770718337,Malignant,Non-malignant
malignant_vs_non_malignant,C03,adenocarcinoma,1,Intensity-distribution baseline,0.005252780267417464,Malignant,Non-malignant
malignant_vs_non_malignant,C04,adenocarcinoma,1,Intensity-distribution baseline,0.16345306994027542,Malignant,Non-malignant
malignant_vs_non_malignant,C05,adenocarcinoma,1,Intensity-distribution baseline,0.3937225923310091,Malignant,Non-malignant
malignant_vs_non_malignant,C06,tubular_adenoma,0,Intensity-distribution baseline,0.3030072805445217,Malignant,Non-malignant
malignant_vs_non_malignant,C07,inflammatory_polyp,0,Intensity-distribution baseline,0.06670209559067233,Malignant,Non-malignant
malignant_vs_non_malignant,C08,tubular_adenoma,0,Intensity-distribution baseline,0.481043928579644,Malignant,Non-malignant
malignant_vs_non_malignant,C09,tubular_adenoma,0,Intensity-distribution baseline,0.28496380968987134,Malignant,Non-malignant
malignant_vs_non_malignant,C10,tubular_adenoma,0,Intensity-distribution baseline,0.9684690876626404,Malignant,Non-malignant
malignant_vs_non_malignant,C11,tubular_adenoma,0,Intensity-distribution baseline,0.32974142551746594,Malignant,Non-malignant
malignant_vs_non_malignant,C12,tubular_adenoma,0,Intensity-distribution baseline,0.2153188606785366,Malignant,Non-malignant
malignant_vs_non_malignant,C13,hyperplastic_polyp,0,Intensity-distribution baseline,0.41435205063104674,Malignant,Non-malignant
malignant_vs_non_malignant,C14,inflammatory_polyp,0,Intensity-distribution baseline,0.38929196395251087,Malignant,Non-malignant
malignant_vs_non_malignant,C15,hyperplastic_polyp,0,Intensity-distribution baseline,0.32390190200648833,Malignant,Non-malignant
malignant_vs_non_malignant,C16,hyperplastic_polyp,0,Intensity-distribution baseline,0.05963042104651184,Malignant,Non-malignant
malignant_vs_non_malignant,C17,hyperplastic_polyp,0,Intensity-distribution baseline,0.3497961000229646,Malignant,Non-malignant
malignant_vs_non_malignant,C18,hyperplastic_polyp,0,Intensity-distribution baseline,0.011293048609735835,Malignant,Non-malignant
malignant_vs_non_malignant,C19,inflammatory_polyp,0,Intensity-distribution baseline,0.9864020692777654,Malignant,Non-malignant
malignant_vs_non_malignant,C20,inflammatory_polyp,0,Intensity-distribution baseline,0.3828107352817554,Malignant,Non-malignant
malignant_vs_non_malignant,C21,hyperplastic_polyp,0,Intensity-distribution baseline,0.24797818799048074,Malignant,Non-malignant
malignant_vs_non_malignant,C22,inflammatory_polyp,0,Intensity-distribution baseline,0.46527430032737954,Malignant,Non-malignant
malignant_vs_non_malignant,C23,inflammatory_polyp,0,Intensity-distribution baseline,0.15965498332722447,Malignant,Non-malignant
malignant_vs_non_malignant,C24,inflammatory_polyp,0,Intensity-distribution baseline,0.33897173976042844,Malignant,Non-malignant
malignant_vs_non_malignant,C25,inflammatory_polyp,0,Intensity-distribution baseline,0.023400576565074112,Malignant,Non-malignant
malignant_vs_non_malignant,C26,inflammatory_polyp,0,Intensity-distribution baseline,0.2895936454193124,Malignant,Non-malignant
malignant_vs_non_malignant,C27,adenocarcinoma,1,Intensity-distribution baseline,0.3412542061122537,Malignant,Non-malignant
malignant_vs_non_malignant,C28,adenocarcinoma,1,Intensity-distribution baseline,0.603403868370016,Malignant,Non-malignant
malignant_vs_non_malignant,C29,inflammatory_polyp,0,Intensity-distribution baseline,0.7564813602932916,Malignant,Non-malignant
malignant_vs_non_malignant,C01,adenocarcinoma,1,GLCM texture baseline,0.9376637872866976,Malignant,Non-malignant
malignant_vs_non_malignant,C02,adenocarcinoma,1,GLCM texture baseline,0.9489075334166834,Malignant,Non-malignant
malignant_vs_non_malignant,C03,adenocarcinoma,1,GLCM texture baseline,0.7144161566078887,Malignant,Non-malignant
malignant_vs_non_malignant,C04,adenocarcinoma,1,GLCM texture baseline,0.3120668018078497,Malignant,Non-malignant
malignant_vs_non_malignant,C05,adenocarcinoma,1,GLCM texture baseline,0.5819152135039372,Malignant,Non-malignant
malignant_vs_non_malignant,C06,tubular_adenoma,0,GLCM texture baseline,0.5730725493605693,Malignant,Non-malignant
malignant_vs_non_malignant,C07,inflammatory_polyp,0,GLCM texture baseline,0.12189647877034655,Malignant,Non-malignant
malignant_vs_non_malignant,C08,tubular_adenoma,0,GLCM texture baseline,0.4263038288697474,Malignant,Non-malignant
malignant_vs_non_malignant,C09,tubular_adenoma,0,GLCM texture baseline,0.30743225925583473,Malignant,Non-malignant
malignant_vs_non_malignant,C10,tubular_adenoma,0,GLCM texture baseline,0.593697495138439,Malignant,Non-malignant
malignant_vs_non_malignant,C11,tubular_adenoma,0,GLCM texture baseline,0.21013760403724863,Malignant,Non-malignant
malignant_vs_non_malignant,C12,tubular_adenoma,0,GLCM texture baseline,0.21217311352797513,Malignant,Non-malignant
malignant_vs_non_malignant,C13,hyperplastic_polyp,0,GLCM texture baseline,0.3113947439970857,Malignant,Non-malignant
malignant_vs_non_malignant,C14,inflammatory_polyp,0,GLCM texture baseline,0.27090219366367496,Malignant,Non-malignant
malignant_vs_non_malignant,C15,hyperplastic_polyp,0,GLCM texture baseline,0.23633131043835007,Malignant,Non-malignant
malignant_vs_non_malignant,C16,hyperplastic_polyp,0,GLCM texture baseline,0.11452378004505342,Malignant,Non-malignant
malignant_vs_non_malignant,C17,hyperplastic_polyp,0,GLCM texture baseline,0.3173463659081321,Malignant,Non-malignant
malignant_vs_non_malignant,C18,hyperplastic_polyp,0,GLCM texture baseline,0.5740759668634312,Malignant,Non-malignant
malignant_vs_non_malignant,C19,inflammatory_polyp,0,GLCM texture baseline,0.16429291602562038,Malignant,Non-malignant
malignant_vs_non_malignant,C20,inflammatory_polyp,0,GLCM texture baseline,0.1605167123593025,Malignant,Non-malignant
malignant_vs_non_malignant,C21,hyperplastic_polyp,0,GLCM texture baseline,0.12891222613881276,Malignant,Non-malignant
malignant_vs_non_malignant,C22,inflammatory_polyp,0,GLCM texture baseline,0.3616303868927303,Malignant,Non-malignant
malignant_vs_non_malignant,C23,inflammatory_polyp,0,GLCM texture baseline,0.25143154293188313,Malignant,Non-malignant
malignant_vs_non_malignant,C24,inflammatory_polyp,0,GLCM texture baseline,0.21571136292503626,Malignant,Non-malignant
malignant_vs_non_malignant,C25,inflammatory_polyp,0,GLCM texture baseline,0.4655032935577148,Malignant,Non-malignant
malignant_vs_non_malignant,C26,inflammatory_polyp,0,GLCM texture baseline,0.49045750181090564,Malignant,Non-malignant
malignant_vs_non_malignant,C27,adenocarcinoma,1,GLCM texture baseline,0.21230493916197624,Malignant,Non-malignant
malignant_vs_non_malignant,C28,adenocarcinoma,1,GLCM texture baseline,0.7049083663560726,Malignant,Non-malignant
malignant_vs_non_malignant,C29,inflammatory_polyp,0,GLCM texture baseline,0.8136284000807728,Malignant,Non-malignant
malignant_vs_non_malignant,C01,adenocarcinoma,1,Signal-area baseline,0.011006632244119347,Malignant,Non-malignant
malignant_vs_non_malignant,C02,adenocarcinoma,1,Signal-area baseline,0.5776973667027681,Malignant,Non-malignant
malignant_vs_non_malignant,C03,adenocarcinoma,1,Signal-area baseline,0.5756137737672643,Malignant,Non-malignant
malignant_vs_non_malignant,C04,adenocarcinoma,1,Signal-area baseline,0.14363442815649236,Malignant,Non-malignant
malignant_vs_non_malignant,C05,adenocarcinoma,1,Signal-area baseline,0.5134587120180243,Malignant,Non-malignant
malignant_vs_non_malignant,C06,tubular_adenoma,0,Signal-area baseline,0.5989342454867908,Malignant,Non-malignant
malignant_vs_non_malignant,C07,inflammatory_polyp,0,Signal-area baseline,0.42290251680072044,Malignant,Non-malignant
malignant_vs_non_malignant,C08,tubular_adenoma,0,Signal-area baseline,0.5801396032242768,Malignant,Non-malignant
malignant_vs_non_malignant,C09,tubular_adenoma,0,Signal-area baseline,0.5648283693036026,Malignant,Non-malignant
malignant_vs_non_malignant,C10,tubular_adenoma,0,Signal-area baseline,0.25517235904451685,Malignant,Non-malignant
malignant_vs_non_malignant,C11,tubular_adenoma,0,Signal-area baseline,0.46265666197132727,Malignant,Non-malignant
malignant_vs_non_malignant,C12,tubular_adenoma,0,Signal-area baseline,0.44985593494729825,Malignant,Non-malignant
malignant_vs_non_malignant,C13,hyperplastic_polyp,0,Signal-area baseline,0.5717825429922886,Malignant,Non-malignant
malignant_vs_non_malignant,C14,inflammatory_polyp,0,Signal-area baseline,0.5181771974757993,Malignant,Non-malignant
malignant_vs_non_malignant,C15,hyperplastic_polyp,0,Signal-area baseline,0.4742285491345795,Malignant,Non-malignant
malignant_vs_non_malignant,C16,hyperplastic_polyp,0,Signal-area baseline,0.5297974265641291,Malignant,Non-malignant
malignant_vs_non_malignant,C17,hyperplastic_polyp,0,Signal-area baseline,0.5429167801722683,Malignant,Non-malignant
malignant_vs_non_malignant,C18,hyperplastic_polyp,0,Signal-area baseline,0.3128456641655981,Malignant,Non-malignant
malignant_vs_non_malignant,C19,inflammatory_polyp,0,Signal-area baseline,0.2554856798655993,Malignant,Non-malignant
malignant_vs_non_malignant,C20,inflammatory_polyp,0,Signal-area baseline,0.5367413983426126,Malignant,Non-malignant
malignant_vs_non_malignant,C21,hyperplastic_polyp,0,Signal-area baseline,0.45639323483615923,Malignant,Non-malignant
malignant_vs_non_malignant,C22,inflammatory_polyp,0,Signal-area baseline,0.5781464059171958,Malignant,Non-malignant
malignant_vs_non_malignant,C23,inflammatory_polyp,0,Signal-area baseline,0.5648030048855591,Malignant,Non-malignant
malignant_vs_non_malignant,C24,inflammatory_polyp,0,Signal-area baseline,0.4799969231514295,Malignant,Non-malignant
malignant_vs_non_malignant,C25,inflammatory_polyp,0,Signal-area baseline,0.4380988213393722,Malignant,Non-malignant
malignant_vs_non_malignant,C26,inflammatory_polyp,0,Signal-area baseline,0.6135243770403244,Malignant,Non-malignant
malignant_vs_non_malignant,C27,adenocarcinoma,1,Signal-area baseline,0.5347124998166263,Malignant,Non-malignant
malignant_vs_non_malignant,C28,adenocarcinoma,1,Signal-area baseline,0.5237613860944709,Malignant,Non-malignant
malignant_vs_non_malignant,C29,inflammatory_polyp,0,Signal-area baseline,0.6130292077860566,Malignant,Non-malignant
malignant_vs_non_malignant,C01,adenocarcinoma,1,Low-signal morphology baseline,0.00015964147536228046,Malignant,Non-malignant
malignant_vs_non_malignant,C02,adenocarcinoma,1,Low-signal morphology baseline,0.729699087374189,Malignant,Non-malignant
malignant_vs_non_malignant,C03,adenocarcinoma,1,Low-signal morphology baseline,0.7818416484311468,Malignant,Non-malignant
malignant_vs_non_malignant,C04,adenocarcinoma,1,Low-signal morphology baseline,0.6323039532807441,Malignant,Non-malignant
malignant_vs_non_malignant,C05,adenocarcinoma,1,Low-signal morphology baseline,0.4315614476515014,Malignant,Non-malignant
malignant_vs_non_malignant,C06,tubular_adenoma,0,Low-signal morphology baseline,0.6792198184085081,Malignant,Non-malignant
malignant_vs_non_malignant,C07,inflammatory_polyp,0,Low-signal morphology baseline,0.004172975867837879,Malignant,Non-malignant
malignant_vs_non_malignant,C08,tubular_adenoma,0,Low-signal morphology baseline,0.2300174093517677,Malignant,Non-malignant
malignant_vs_non_malignant,C09,tubular_adenoma,0,Low-signal morphology baseline,0.8365424709966246,Malignant,Non-malignant
malignant_vs_non_malignant,C10,tubular_adenoma,0,Low-signal morphology baseline,0.34818301491119175,Malignant,Non-malignant
malignant_vs_non_malignant,C11,tubular_adenoma,0,Low-signal morphology baseline,0.5315753140152693,Malignant,Non-malignant
malignant_vs_non_malignant,C12,tubular_adenoma,0,Low-signal morphology baseline,0.4791037555208052,Malignant,Non-malignant
malignant_vs_non_malignant,C13,hyperplastic_polyp,0,Low-signal morphology baseline,0.30495695445927534,Malignant,Non-malignant
malignant_vs_non_malignant,C14,inflammatory_polyp,0,Low-signal morphology baseline,0.3141327560338211,Malignant,Non-malignant
malignant_vs_non_malignant,C15,hyperplastic_polyp,0,Low-signal morphology baseline,0.9551447175524216,Malignant,Non-malignant
malignant_vs_non_malignant,C16,hyperplastic_polyp,0,Low-signal morphology baseline,0.004768386983537935,Malignant,Non-malignant
malignant_vs_non_malignant,C17,hyperplastic_polyp,0,Low-signal morphology baseline,0.537257617141795,Malignant,Non-malignant
malignant_vs_non_malignant,C18,hyperplastic_polyp,0,Low-signal morphology baseline,0.5043036027952699,Malignant,Non-malignant
malignant_vs_non_malignant,C19,inflammatory_polyp,0,Low-signal morphology baseline,0.04120077868028288,Malignant,Non-malignant
malignant_vs_non_malignant,C20,inflammatory_polyp,0,Low-signal morphology baseline,0.061447885963907045,Malignant,Non-malignant
malignant_vs_non_malignant,C21,hyperplastic_polyp,0,Low-signal morphology baseline,0.0679589807593705,Malignant,Non-malignant
malignant_vs_non_malignant,C22,inflammatory_polyp,0,Low-signal morphology baseline,0.6723630916570794,Malignant,Non-malignant
malignant_vs_non_malignant,C23,inflammatory_polyp,0,Low-signal morphology baseline,0.11327280321728553,Malignant,Non-malignant
malignant_vs_non_malignant,C24,inflammatory_polyp,0,Low-signal morphology baseline,0.08379649355508555,Malignant,Non-malignant
malignant_vs_non_malignant,C25,inflammatory_polyp,0,Low-signal morphology baseline,0.010416125566048649,Malignant,Non-malignant
malignant_vs_non_malignant,C26,inflammatory_polyp,0,Low-signal morphology baseline,0.23737027438622782,Malignant,Non-malignant
malignant_vs_non_malignant,C27,adenocarcinoma,1,Low-signal morphology baseline,0.3575775574932103,Malignant,Non-malignant
malignant_vs_non_malignant,C28,adenocarcinoma,1,Low-signal morphology baseline,0.654626950166419,Malignant,Non-malignant
malignant_vs_non_malignant,C29,inflammatory_polyp,0,Low-signal morphology baseline,0.6001920271290364,Malignant,Non-malignant
malignant_vs_non_malignant,C01,adenocarcinoma,1,Full-feature baseline,0.004981364180810602,Malignant,Non-malignant
malignant_vs_non_malignant,C02,adenocarcinoma,1,Full-feature baseline,0.9907389619187469,Malignant,Non-malignant
malignant_vs_non_malignant,C03,adenocarcinoma,1,Full-feature baseline,0.9313502244357714,Malignant,Non-malignant
malignant_vs_non_malignant,C04,adenocarcinoma,1,Full-feature baseline,0.46627174149392175,Malignant,Non-malignant
malignant_vs_non_malignant,C05,adenocarcinoma,1,Full-feature baseline,0.23227563956124073,Malignant,Non-malignant
malignant_vs_non_malignant,C06,tubular_adenoma,0,Full-feature baseline,0.434106188406695,Malignant,Non-malignant
malignant_vs_non_malignant,C07,inflammatory_polyp,0,Full-feature baseline,0.004975471472597253,Malignant,Non-malignant
malignant_vs_non_malignant,C08,tubular_adenoma,0,Full-feature baseline,0.18799745632707593,Malignant,Non-malignant
malignant_vs_non_malignant,C09,tubular_adenoma,0,Full-feature baseline,0.5188912784870542,Malignant,Non-malignant
malignant_vs_non_malignant,C10,tubular_adenoma,0,Full-feature baseline,0.9258685117387888,Malignant,Non-malignant
malignant_vs_non_malignant,C11,tubular_adenoma,0,Full-feature baseline,0.18092041867292352,Malignant,Non-malignant
malignant_vs_non_malignant,C12,tubular_adenoma,0,Full-feature baseline,0.17937646252024772,Malignant,Non-malignant
malignant_vs_non_malignant,C13,hyperplastic_polyp,0,Full-feature baseline,0.2750219764292153,Malignant,Non-malignant
malignant_vs_non_malignant,C14,inflammatory_polyp,0,Full-feature baseline,0.20374151725342735,Malignant,Non-malignant
malignant_vs_non_malignant,C15,hyperplastic_polyp,0,Full-feature baseline,0.8686047702328108,Malignant,Non-malignant
malignant_vs_non_malignant,C16,hyperplastic_polyp,0,Full-feature baseline,0.019593030014820715,Malignant,Non-malignant
malignant_vs_non_malignant,C17,hyperplastic_polyp,0,Full-feature baseline,0.3402037896035666,Malignant,Non-malignant
malignant_vs_non_malignant,C18,hyperplastic_polyp,0,Full-feature baseline,0.4122273606005185,Malignant,Non-malignant
malignant_vs_non_malignant,C19,inflammatory_polyp,0,Full-feature baseline,0.30718985955859895,Malignant,Non-malignant
malignant_vs_non_malignant,C20,inflammatory_polyp,0,Full-feature baseline,0.15779514966752126,Malignant,Non-malignant
malignant_vs_non_malignant,C21,hyperplastic_polyp,0,Full-feature baseline,0.040544937454956125,Malignant,Non-malignant
malignant_vs_non_malignant,C22,inflammatory_polyp,0,Full-feature baseline,0.5765145226515814,Malignant,Non-malignant
malignant_vs_non_malignant,C23,inflammatory_polyp,0,Full-feature baseline,0.06316241736017032,Malignant,Non-malignant
malignant_vs_non_malignant,C24,inflammatory_polyp,0,Full-feature baseline,0.09398527172765435,Malignant,Non-malignant
malignant_vs_non_malignant,C25,inflammatory_polyp,0,Full-feature baseline,0.004328553068419842,Malignant,Non-malignant
malignant_vs_non_malignant,C26,inflammatory_polyp,0,Full-feature baseline,0.1426999412344721,Malignant,Non-malignant
malignant_vs_non_malignant,C27,adenocarcinoma,1,Full-feature baseline,0.05499130366042956,Malignant,Non-malignant
malignant_vs_non_malignant,C28,adenocarcinoma,1,Full-feature baseline,0.753065084435321,Malignant,Non-malignant
malignant_vs_non_malignant,C29,inflammatory_polyp,0,Full-feature baseline,0.8390086549622089,Malignant,Non-malignant
malignant_vs_non_malignant,C01,adenocarcinoma,1,Task-specific compact panel,0.940396738770324,Malignant,Non-malignant
malignant_vs_non_malignant,C02,adenocarcinoma,1,Task-specific compact panel,0.8809926151925519,Malignant,Non-malignant
malignant_vs_non_malignant,C03,adenocarcinoma,1,Task-specific compact panel,0.8271651251426566,Malignant,Non-malignant
malignant_vs_non_malignant,C04,adenocarcinoma,1,Task-specific compact panel,0.6337872233739688,Malignant,Non-malignant
malignant_vs_non_malignant,C05,adenocarcinoma,1,Task-specific compact panel,0.7129070803925915,Malignant,Non-malignant
malignant_vs_non_malignant,C06,tubular_adenoma,0,Task-specific compact panel,0.5799108545134888,Malignant,Non-malignant
malignant_vs_non_malignant,C07,inflammatory_polyp,0,Task-specific compact panel,0.03808115011558991,Malignant,Non-malignant
malignant_vs_non_malignant,C08,tubular_adenoma,0,Task-specific compact panel,0.21797519763286283,Malignant,Non-malignant
malignant_vs_non_malignant,C09,tubular_adenoma,0,Task-specific compact panel,0.551836451867935,Malignant,Non-malignant
malignant_vs_non_malignant,C10,tubular_adenoma,0,Task-specific compact panel,0.9049432955417175,Malignant,Non-malignant
malignant_vs_non_malignant,C11,tubular_adenoma,0,Task-specific compact panel,0.1930533991957365,Malignant,Non-malignant
malignant_vs_non_malignant,C12,tubular_adenoma,0,Task-specific compact panel,0.22662305721314646,Malignant,Non-malignant
malignant_vs_non_malignant,C13,hyperplastic_polyp,0,Task-specific compact panel,0.3947171600543368,Malignant,Non-malignant
malignant_vs_non_malignant,C14,inflammatory_polyp,0,Task-specific compact panel,0.28842801351149056,Malignant,Non-malignant
malignant_vs_non_malignant,C15,hyperplastic_polyp,0,Task-specific compact panel,0.8438189965456281,Malignant,Non-malignant
malignant_vs_non_malignant,C16,hyperplastic_polyp,0,Task-specific compact panel,0.030648929160194512,Malignant,Non-malignant
malignant_vs_non_malignant,C17,hyperplastic_polyp,0,Task-specific compact panel,0.541181671941859,Malignant,Non-malignant
malignant_vs_non_malignant,C18,hyperplastic_polyp,0,Task-specific compact panel,0.35985632665756406,Malignant,Non-malignant
malignant_vs_non_malignant,C19,inflammatory_polyp,0,Task-specific compact panel,0.006658549709992155,Malignant,Non-malignant
malignant_vs_non_malignant,C20,inflammatory_polyp,0,Task-specific compact panel,0.1286697052102506,Malignant,Non-malignant
malignant_vs_non_malignant,C21,hyperplastic_polyp,0,Task-specific compact panel,0.09082731888847573,Malignant,Non-malignant
malignant_vs_non_malignant,C22,inflammatory_polyp,0,Task-specific compact panel,0.5277573974786539,Malignant,Non-malignant
malignant_vs_non_malignant,C23,inflammatory_polyp,0,Task-specific compact panel,0.1574050973556382,Malignant,Non-malignant
malignant_vs_non_malignant,C24,inflammatory_polyp,0,Task-specific compact panel,0.1513908613309673,Malignant,Non-malignant
malignant_vs_non_malignant,C25,inflammatory_polyp,0,Task-specific compact panel,0.01404797333117479,Malignant,Non-malignant
malignant_vs_non_malignant,C26,inflammatory_polyp,0,Task-specific compact panel,0.33437517179658516,Malignant,Non-malignant
malignant_vs_non_malignant,C27,adenocarcinoma,1,Task-specific compact panel,0.11532177234544976,Malignant,Non-malignant
malignant_vs_non_malignant,C28,adenocarcinoma,1,Task-specific compact panel,0.867891173483747,Malignant,Non-malignant
malignant_vs_non_malignant,C29,inflammatory_polyp,0,Task-specific compact panel,0.6881318257048505,Malignant,Non-malignant
inflammatory_vs_hyperplastic,C07,inflammatory_polyp,1,Intensity-distribution baseline,0.3783468584218871,Inflammatory,Hyperplastic
inflammatory_vs_hyperplastic,C13,hyperplastic_polyp,0,Intensity-distribution baseline,0.3137425494691343,Inflammatory,Hyperplastic
inflammatory_vs_hyperplastic,C14,inflammatory_polyp,1,Intensity-distribution baseline,0.6776864981894833,Inflammatory,Hyperplastic
inflammatory_vs_hyperplastic,C15,hyperplastic_polyp,0,Intensity-distribution baseline,0.7752399341831793,Inflammatory,Hyperplastic
inflammatory_vs_hyperplastic,C16,hyperplastic_polyp,0,Intensity-distribution baseline,0.3206004377325788,Inflammatory,Hyperplastic
inflammatory_vs_hyperplastic,C17,hyperplastic_polyp,0,Intensity-distribution baseline,0.2690839155963253,Inflammatory,Hyperplastic
inflammatory_vs_hyperplastic,C18,hyperplastic_polyp,0,Intensity-distribution baseline,0.13273982167143888,Inflammatory,Hyperplastic
inflammatory_vs_hyperplastic,C19,inflammatory_polyp,1,Intensity-distribution baseline,2.4717334169104142e-36,Inflammatory,Hyperplastic
inflammatory_vs_hyperplastic,C20,inflammatory_polyp,1,Intensity-distribution baseline,0.010081907898809535,Inflammatory,Hyperplastic
inflammatory_vs_hyperplastic,C21,hyperplastic_polyp,0,Intensity-distribution baseline,0.2622874169028702,Inflammatory,Hyperplastic
inflammatory_vs_hyperplastic,C22,inflammatory_polyp,1,Intensity-distribution baseline,0.9137470112547257,Inflammatory,Hyperplastic
inflammatory_vs_hyperplastic,C23,inflammatory_polyp,1,Intensity-distribution baseline,0.9350935024031448,Inflammatory,Hyperplastic
inflammatory_vs_hyperplastic,C24,inflammatory_polyp,1,Intensity-distribution baseline,0.5128824368046778,Inflammatory,Hyperplastic
inflammatory_vs_hyperplastic,C25,inflammatory_polyp,1,Intensity-distribution baseline,0.4335392732897057,Inflammatory,Hyperplastic
inflammatory_vs_hyperplastic,C26,inflammatory_polyp,1,Intensity-distribution baseline,0.8789638017955723,Inflammatory,Hyperplastic
inflammatory_vs_hyperplastic,C29,inflammatory_polyp,1,Intensity-distribution baseline,0.9678643362384834,Inflammatory,Hyperplastic
inflammatory_vs_hyperplastic,C07,inflammatory_polyp,1,GLCM texture baseline,0.6003925989318017,Inflammatory,Hyperplastic
inflammatory_vs_hyperplastic,C13,hyperplastic_polyp,0,GLCM texture baseline,0.7262307798162245,Inflammatory,Hyperplastic
inflammatory_vs_hyperplastic,C14,inflammatory_polyp,1,GLCM texture baseline,0.6169141437796525,Inflammatory,Hyperplastic
inflammatory_vs_hyperplastic,C15,hyperplastic_polyp,0,GLCM texture baseline,0.402607186172985,Inflammatory,Hyperplastic
inflammatory_vs_hyperplastic,C16,hyperplastic_polyp,0,GLCM texture baseline,0.9999995670984161,Inflammatory,Hyperplastic
inflammatory_vs_hyperplastic,C17,hyperplastic_polyp,0,GLCM texture baseline,0.46686550256228504,Inflammatory,Hyperplastic
inflammatory_vs_hyperplastic,C18,hyperplastic_polyp,0,GLCM texture baseline,0.13676161438049245,Inflammatory,Hyperplastic
inflammatory_vs_hyperplastic,C19,inflammatory_polyp,1,GLCM texture baseline,0.4719669664598465,Inflammatory,Hyperplastic
inflammatory_vs_hyperplastic,C20,inflammatory_polyp,1,GLCM texture baseline,0.548709767322153,Inflammatory,Hyperplastic
inflammatory_vs_hyperplastic,C21,hyperplastic_polyp,0,GLCM texture baseline,0.37362650238125195,Inflammatory,Hyperplastic
inflammatory_vs_hyperplastic,C22,inflammatory_polyp,1,GLCM texture baseline,0.860494027263745,Inflammatory,Hyperplastic
inflammatory_vs_hyperplastic,C23,inflammatory_polyp,1,GLCM texture baseline,0.7966891051950463,Inflammatory,Hyperplastic
inflammatory_vs_hyperplastic,C24,inflammatory_polyp,1,GLCM texture baseline,0.4354946853513144,Inflammatory,Hyperplastic
inflammatory_vs_hyperplastic,C25,inflammatory_polyp,1,GLCM texture baseline,0.01196743802194754,Inflammatory,Hyperplastic
inflammatory_vs_hyperplastic,C26,inflammatory_polyp,1,GLCM texture baseline,0.8198370190818459,Inflammatory,Hyperplastic
inflammatory_vs_hyperplastic,C29,inflammatory_polyp,1,GLCM texture baseline,0.5720147079641345,Inflammatory,Hyperplastic
inflammatory_vs_hyperplastic,C07,inflammatory_polyp,1,Signal-area baseline,0.5012130278466862,Inflammatory,Hyperplastic
inflammatory_vs_hyperplastic,C13,hyperplastic_polyp,0,Signal-area baseline,0.29051273281265494,Inflammatory,Hyperplastic
inflammatory_vs_hyperplastic,C14,inflammatory_polyp,1,Signal-area baseline,0.6751536048495272,Inflammatory,Hyperplastic
inflammatory_vs_hyperplastic,C15,hyperplastic_polyp,0,Signal-area baseline,0.7352892105541707,Inflammatory,Hyperplastic
inflammatory_vs_hyperplastic,C16,hyperplastic_polyp,0,Signal-area baseline,0.12443384451090778,Inflammatory,Hyperplastic
inflammatory_vs_hyperplastic,C17,hyperplastic_polyp,0,Signal-area baseline,0.43650875974586767,Inflammatory,Hyperplastic
inflammatory_vs_hyperplastic,C18,hyperplastic_polyp,0,Signal-area baseline,0.35621816863537026,Inflammatory,Hyperplastic
inflammatory_vs_hyperplastic,C19,inflammatory_polyp,1,Signal-area baseline,0.4980801836987736,Inflammatory,Hyperplastic
inflammatory_vs_hyperplastic,C20,inflammatory_polyp,1,Signal-area baseline,0.12134233258294026,Inflammatory,Hyperplastic
inflammatory_vs_hyperplastic,C21,hyperplastic_polyp,0,Signal-area baseline,0.5054343396569071,Inflammatory,Hyperplastic
inflammatory_vs_hyperplastic,C22,inflammatory_polyp,1,Signal-area baseline,0.7610870789583906,Inflammatory,Hyperplastic
inflammatory_vs_hyperplastic,C23,inflammatory_polyp,1,Signal-area baseline,0.704310287007879,Inflammatory,Hyperplastic
inflammatory_vs_hyperplastic,C24,inflammatory_polyp,1,Signal-area baseline,0.6265897552035333,Inflammatory,Hyperplastic
inflammatory_vs_hyperplastic,C25,inflammatory_polyp,1,Signal-area baseline,0.3693625643178135,Inflammatory,Hyperplastic
inflammatory_vs_hyperplastic,C26,inflammatory_polyp,1,Signal-area baseline,0.661689558893151,Inflammatory,Hyperplastic
inflammatory_vs_hyperplastic,C29,inflammatory_polyp,1,Signal-area baseline,0.8238485913154131,Inflammatory,Hyperplastic
inflammatory_vs_hyperplastic,C07,inflammatory_polyp,1,Low-signal morphology baseline,0.10819377734519005,Inflammatory,Hyperplastic
inflammatory_vs_hyperplastic,C13,hyperplastic_polyp,0,Low-signal morphology baseline,0.23631255971626447,Inflammatory,Hyperplastic
inflammatory_vs_hyperplastic,C14,inflammatory_polyp,1,Low-signal morphology baseline,0.5961645390193164,Inflammatory,Hyperplastic
inflammatory_vs_hyperplastic,C15,hyperplastic_polyp,0,Low-signal morphology baseline,0.14863284049231065,Inflammatory,Hyperplastic
inflammatory_vs_hyperplastic,C16,hyperplastic_polyp,0,Low-signal morphology baseline,0.5157291687471736,Inflammatory,Hyperplastic
inflammatory_vs_hyperplastic,C17,hyperplastic_polyp,0,Low-signal morphology baseline,0.15699414442295392,Inflammatory,Hyperplastic
inflammatory_vs_hyperplastic,C18,hyperplastic_polyp,0,Low-signal morphology baseline,0.03802488035689957,Inflammatory,Hyperplastic
inflammatory_vs_hyperplastic,C19,inflammatory_polyp,1,Low-signal morphology baseline,0.9979511079319635,Inflammatory,Hyperplastic
inflammatory_vs_hyperplastic,C20,inflammatory_polyp,1,Low-signal morphology baseline,0.0727820289182288,Inflammatory,Hyperplastic
inflammatory_vs_hyperplastic,C21,hyperplastic_polyp,0,Low-signal morphology baseline,0.7114320913578598,Inflammatory,Hyperplastic
inflammatory_vs_hyperplastic,C22,inflammatory_polyp,1,Low-signal morphology baseline,0.6422923693706242,Inflammatory,Hyperplastic
inflammatory_vs_hyperplastic,C23,inflammatory_polyp,1,Low-signal morphology baseline,0.9390873512606794,Inflammatory,Hyperplastic
inflammatory_vs_hyperplastic,C24,inflammatory_polyp,1,Low-signal morphology baseline,0.6578026572687811,Inflammatory,Hyperplastic
inflammatory_vs_hyperplastic,C25,inflammatory_polyp,1,Low-signal morphology baseline,0.6901826427328063,Inflammatory,Hyperplastic
inflammatory_vs_hyperplastic,C26,inflammatory_polyp,1,Low-signal morphology baseline,0.8337478588148339,Inflammatory,Hyperplastic
inflammatory_vs_hyperplastic,C29,inflammatory_polyp,1,Low-signal morphology baseline,0.9288160025912781,Inflammatory,Hyperplastic
inflammatory_vs_hyperplastic,C07,inflammatory_polyp,1,Full-feature baseline,0.41056964718225025,Inflammatory,Hyperplastic
inflammatory_vs_hyperplastic,C13,hyperplastic_polyp,0,Full-feature baseline,0.4925095859307212,Inflammatory,Hyperplastic
inflammatory_vs_hyperplastic,C14,inflammatory_polyp,1,Full-feature baseline,0.6600593398109513,Inflammatory,Hyperplastic
inflammatory_vs_hyperplastic,C15,hyperplastic_polyp,0,Full-feature baseline,0.10981591904363373,Inflammatory,Hyperplastic
inflammatory_vs_hyperplastic,C16,hyperplastic_polyp,0,Full-feature baseline,0.9999901486191366,Inflammatory,Hyperplastic
inflammatory_vs_hyperplastic,C17,hyperplastic_polyp,0,Full-feature baseline,0.05841993050208078,Inflammatory,Hyperplastic
inflammatory_vs_hyperplastic,C18,hyperplastic_polyp,0,Full-feature baseline,0.0015017292220711527,Inflammatory,Hyperplastic
inflammatory_vs_hyperplastic,C19,inflammatory_polyp,1,Full-feature baseline,1.7084595758681008e-09,Inflammatory,Hyperplastic
inflammatory_vs_hyperplastic,C20,inflammatory_polyp,1,Full-feature baseline,0.011568258123914354,Inflammatory,Hyperplastic
inflammatory_vs_hyperplastic,C21,hyperplastic_polyp,0,Full-feature baseline,0.7043828886422656,Inflammatory,Hyperplastic
inflammatory_vs_hyperplastic,C22,inflammatory_polyp,1,Full-feature baseline,0.9394921227603029,Inflammatory,Hyperplastic
inflammatory_vs_hyperplastic,C23,inflammatory_polyp,1,Full-feature baseline,0.994355432437146,Inflammatory,Hyperplastic
inflammatory_vs_hyperplastic,C24,inflammatory_polyp,1,Full-feature baseline,0.6323966875117576,Inflammatory,Hyperplastic
inflammatory_vs_hyperplastic,C25,inflammatory_polyp,1,Full-feature baseline,0.03185155740598923,Inflammatory,Hyperplastic
inflammatory_vs_hyperplastic,C26,inflammatory_polyp,1,Full-feature baseline,0.9597541249333726,Inflammatory,Hyperplastic
inflammatory_vs_hyperplastic,C29,inflammatory_polyp,1,Full-feature baseline,0.9751379996389606,Inflammatory,Hyperplastic
inflammatory_vs_hyperplastic,C07,inflammatory_polyp,1,Task-specific compact panel,0.468239262377086,Inflammatory,Hyperplastic
inflammatory_vs_hyperplastic,C13,hyperplastic_polyp,0,Task-specific compact panel,0.15392069162059893,Inflammatory,Hyperplastic
inflammatory_vs_hyperplastic,C14,inflammatory_polyp,1,Task-specific compact panel,0.6261083591463732,Inflammatory,Hyperplastic
inflammatory_vs_hyperplastic,C15,hyperplastic_polyp,0,Task-specific compact panel,0.3564099453782008,Inflammatory,Hyperplastic
inflammatory_vs_hyperplastic,C16,hyperplastic_polyp,0,Task-specific compact panel,0.3283901696552474,Inflammatory,Hyperplastic
inflammatory_vs_hyperplastic,C17,hyperplastic_polyp,0,Task-specific compact panel,0.1644660190400933,Inflammatory,Hyperplastic
inflammatory_vs_hyperplastic,C18,hyperplastic_polyp,0,Task-specific compact panel,0.19258219719789824,Inflammatory,Hyperplastic
inflammatory_vs_hyperplastic,C19,inflammatory_polyp,1,Task-specific compact panel,0.9971541199759737,Inflammatory,Hyperplastic
inflammatory_vs_hyperplastic,C20,inflammatory_polyp,1,Task-specific compact panel,0.014838186295273495,Inflammatory,Hyperplastic
inflammatory_vs_hyperplastic,C21,hyperplastic_polyp,0,Task-specific compact panel,0.430157837989709,Inflammatory,Hyperplastic
inflammatory_vs_hyperplastic,C22,inflammatory_polyp,1,Task-specific compact panel,0.8755099005899954,Inflammatory,Hyperplastic
inflammatory_vs_hyperplastic,C23,inflammatory_polyp,1,Task-specific compact panel,0.9135591824826019,Inflammatory,Hyperplastic
inflammatory_vs_hyperplastic,C24,inflammatory_polyp,1,Task-specific compact panel,0.5740802935230983,Inflammatory,Hyperplastic
inflammatory_vs_hyperplastic,C25,inflammatory_polyp,1,Task-specific compact panel,0.9568088168641096,Inflammatory,Hyperplastic
inflammatory_vs_hyperplastic,C26,inflammatory_polyp,1,Task-specific compact panel,0.7020590881445113,Inflammatory,Hyperplastic
inflammatory_vs_hyperplastic,C29,inflammatory_polyp,1,Task-specific compact panel,0.8967914529725087,Inflammatory,Hyperplastic
tubular_adenoma_vs_non_neoplastic,C06,tubular_adenoma,1,Intensity-distribution baseline,0.6301692238153039,Tubular adenoma,Non-neoplastic
tubular_adenoma_vs_non_neoplastic,C07,inflammatory_polyp,0,Intensity-distribution baseline,0.35773245706637335,Tubular adenoma,Non-neoplastic
tubular_adenoma_vs_non_neoplastic,C08,tubular_adenoma,1,Intensity-distribution baseline,0.3549149158661908,Tubular adenoma,Non-neoplastic
tubular_adenoma_vs_non_neoplastic,C09,tubular_adenoma,1,Intensity-distribution baseline,0.44877078015661737,Tubular adenoma,Non-neoplastic
tubular_adenoma_vs_non_neoplastic,C10,tubular_adenoma,1,Intensity-distribution baseline,0.6972613290330503,Tubular adenoma,Non-neoplastic
tubular_adenoma_vs_non_neoplastic,C11,tubular_adenoma,1,Intensity-distribution baseline,0.3451356285806453,Tubular adenoma,Non-neoplastic
tubular_adenoma_vs_non_neoplastic,C12,tubular_adenoma,1,Intensity-distribution baseline,0.5550396806648796,Tubular adenoma,Non-neoplastic
tubular_adenoma_vs_non_neoplastic,C13,hyperplastic_polyp,0,Intensity-distribution baseline,0.29517575040231087,Tubular adenoma,Non-neoplastic
tubular_adenoma_vs_non_neoplastic,C14,inflammatory_polyp,0,Intensity-distribution baseline,0.49881899589449674,Tubular adenoma,Non-neoplastic
tubular_adenoma_vs_non_neoplastic,C15,hyperplastic_polyp,0,Intensity-distribution baseline,0.545366446296047,Tubular adenoma,Non-neoplastic
tubular_adenoma_vs_non_neoplastic,C16,hyperplastic_polyp,0,Intensity-distribution baseline,0.0949424574923681,Tubular adenoma,Non-neoplastic
tubular_adenoma_vs_non_neoplastic,C17,hyperplastic_polyp,0,Intensity-distribution baseline,0.26514931878612696,Tubular adenoma,Non-neoplastic
tubular_adenoma_vs_non_neoplastic,C18,hyperplastic_polyp,0,Intensity-distribution baseline,0.020753892559920183,Tubular adenoma,Non-neoplastic
tubular_adenoma_vs_non_neoplastic,C19,inflammatory_polyp,0,Intensity-distribution baseline,0.9990817740714579,Tubular adenoma,Non-neoplastic
tubular_adenoma_vs_non_neoplastic,C20,inflammatory_polyp,0,Intensity-distribution baseline,0.2545850426543683,Tubular adenoma,Non-neoplastic
tubular_adenoma_vs_non_neoplastic,C21,hyperplastic_polyp,0,Intensity-distribution baseline,0.1970781584231612,Tubular adenoma,Non-neoplastic
tubular_adenoma_vs_non_neoplastic,C22,inflammatory_polyp,0,Intensity-distribution baseline,0.7292726150521882,Tubular adenoma,Non-neoplastic
tubular_adenoma_vs_non_neoplastic,C23,inflammatory_polyp,0,Intensity-distribution baseline,0.8387902597732227,Tubular adenoma,Non-neoplastic
tubular_adenoma_vs_non_neoplastic,C24,inflammatory_polyp,0,Intensity-distribution baseline,0.4111321175269274,Tubular adenoma,Non-neoplastic
tubular_adenoma_vs_non_neoplastic,C25,inflammatory_polyp,0,Intensity-distribution baseline,0.33448439138592007,Tubular adenoma,Non-neoplastic
tubular_adenoma_vs_non_neoplastic,C26,inflammatory_polyp,0,Intensity-distribution baseline,0.8250343707753766,Tubular adenoma,Non-neoplastic
tubular_adenoma_vs_non_neoplastic,C29,inflammatory_polyp,0,Intensity-distribution baseline,0.887186666302132,Tubular adenoma,Non-neoplastic
tubular_adenoma_vs_non_neoplastic,C06,tubular_adenoma,1,GLCM texture baseline,0.8216006114984236,Tubular adenoma,Non-neoplastic
tubular_adenoma_vs_non_neoplastic,C07,inflammatory_polyp,0,GLCM texture baseline,0.8069028579955619,Tubular adenoma,Non-neoplastic
tubular_adenoma_vs_non_neoplastic,C08,tubular_adenoma,1,GLCM texture baseline,0.4486616487636573,Tubular adenoma,Non-neoplastic
tubular_adenoma_vs_non_neoplastic,C09,tubular_adenoma,1,GLCM texture baseline,0.7973638328348845,Tubular adenoma,Non-neoplastic
tubular_adenoma_vs_non_neoplastic,C10,tubular_adenoma,1,GLCM texture baseline,0.7137495715939408,Tubular adenoma,Non-neoplastic
tubular_adenoma_vs_non_neoplastic,C11,tubular_adenoma,1,GLCM texture baseline,0.3549516961976496,Tubular adenoma,Non-neoplastic
tubular_adenoma_vs_non_neoplastic,C12,tubular_adenoma,1,GLCM texture baseline,0.875613815705983,Tubular adenoma,Non-neoplastic
tubular_adenoma_vs_non_neoplastic,C13,hyperplastic_polyp,0,GLCM texture baseline,0.32485509011255187,Tubular adenoma,Non-neoplastic
tubular_adenoma_vs_non_neoplastic,C14,inflammatory_polyp,0,GLCM texture baseline,0.34993502315114133,Tubular adenoma,Non-neoplastic
tubular_adenoma_vs_non_neoplastic,C15,hyperplastic_polyp,0,GLCM texture baseline,0.10970038702109279,Tubular adenoma,Non-neoplastic
tubular_adenoma_vs_non_neoplastic,C16,hyperplastic_polyp,0,GLCM texture baseline,0.9331806777544979,Tubular adenoma,Non-neoplastic
tubular_adenoma_vs_non_neoplastic,C17,hyperplastic_polyp,0,GLCM texture baseline,0.10426746448755744,Tubular adenoma,Non-neoplastic
tubular_adenoma_vs_non_neoplastic,C18,hyperplastic_polyp,0,GLCM texture baseline,0.006949007923863352,Tubular adenoma,Non-neoplastic
tubular_adenoma_vs_non_neoplastic,C19,inflammatory_polyp,0,GLCM texture baseline,0.22803375241977905,Tubular adenoma,Non-neoplastic
tubular_adenoma_vs_non_neoplastic,C20,inflammatory_polyp,0,GLCM texture baseline,0.37827703180427863,Tubular adenoma,Non-neoplastic
tubular_adenoma_vs_non_neoplastic,C21,hyperplastic_polyp,0,GLCM texture baseline,0.11401362408998376,Tubular adenoma,Non-neoplastic
tubular_adenoma_vs_non_neoplastic,C22,inflammatory_polyp,0,GLCM texture baseline,0.823217600913473,Tubular adenoma,Non-neoplastic
tubular_adenoma_vs_non_neoplastic,C23,inflammatory_polyp,0,GLCM texture baseline,0.6826112363817908,Tubular adenoma,Non-neoplastic
tubular_adenoma_vs_non_neoplastic,C24,inflammatory_polyp,0,GLCM texture baseline,0.23504941665327855,Tubular adenoma,Non-neoplastic
tubular_adenoma_vs_non_neoplastic,C25,inflammatory_polyp,0,GLCM texture baseline,0.019122141980416896,Tubular adenoma,Non-neoplastic
tubular_adenoma_vs_non_neoplastic,C26,inflammatory_polyp,0,GLCM texture baseline,0.6136899489055491,Tubular adenoma,Non-neoplastic
tubular_adenoma_vs_non_neoplastic,C29,inflammatory_polyp,0,GLCM texture baseline,0.3938534836960891,Tubular adenoma,Non-neoplastic
tubular_adenoma_vs_non_neoplastic,C06,tubular_adenoma,1,Signal-area baseline,0.5597640482217157,Tubular adenoma,Non-neoplastic
tubular_adenoma_vs_non_neoplastic,C07,inflammatory_polyp,0,Signal-area baseline,0.4342533039317616,Tubular adenoma,Non-neoplastic
tubular_adenoma_vs_non_neoplastic,C08,tubular_adenoma,1,Signal-area baseline,0.42793040371298113,Tubular adenoma,Non-neoplastic
tubular_adenoma_vs_non_neoplastic,C09,tubular_adenoma,1,Signal-area baseline,0.4338304295640525,Tubular adenoma,Non-neoplastic
tubular_adenoma_vs_non_neoplastic,C10,tubular_adenoma,1,Signal-area baseline,0.35646312231921945,Tubular adenoma,Non-neoplastic
tubular_adenoma_vs_non_neoplastic,C11,tubular_adenoma,1,Signal-area baseline,0.5759046645674767,Tubular adenoma,Non-neoplastic
tubular_adenoma_vs_non_neoplastic,C12,tubular_adenoma,1,Signal-area baseline,0.625387367098892,Tubular adenoma,Non-neoplastic
tubular_adenoma_vs_non_neoplastic,C13,hyperplastic_polyp,0,Signal-area baseline,0.21420235479908573,Tubular adenoma,Non-neoplastic
tubular_adenoma_vs_non_neoplastic,C14,inflammatory_polyp,0,Signal-area baseline,0.5764043418672753,Tubular adenoma,Non-neoplastic
tubular_adenoma_vs_non_neoplastic,C15,hyperplastic_polyp,0,Signal-area baseline,0.5670020249944465,Tubular adenoma,Non-neoplastic
tubular_adenoma_vs_non_neoplastic,C16,hyperplastic_polyp,0,Signal-area baseline,0.10385699450430624,Tubular adenoma,Non-neoplastic
tubular_adenoma_vs_non_neoplastic,C17,hyperplastic_polyp,0,Signal-area baseline,0.3330466925910566,Tubular adenoma,Non-neoplastic
tubular_adenoma_vs_non_neoplastic,C18,hyperplastic_polyp,0,Signal-area baseline,0.25308251085549843,Tubular adenoma,Non-neoplastic
tubular_adenoma_vs_non_neoplastic,C19,inflammatory_polyp,0,Signal-area baseline,0.8256255115044779,Tubular adenoma,Non-neoplastic
tubular_adenoma_vs_non_neoplastic,C20,inflammatory_polyp,0,Signal-area baseline,0.17853608073179134,Tubular adenoma,Non-neoplastic
tubular_adenoma_vs_non_neoplastic,C21,hyperplastic_polyp,0,Signal-area baseline,0.4075096165072254,Tubular adenoma,Non-neoplastic
tubular_adenoma_vs_non_neoplastic,C22,inflammatory_polyp,0,Signal-area baseline,0.6894614704562646,Tubular adenoma,Non-neoplastic
tubular_adenoma_vs_non_neoplastic,C23,inflammatory_polyp,0,Signal-area baseline,0.6155289694333509,Tubular adenoma,Non-neoplastic
tubular_adenoma_vs_non_neoplastic,C24,inflammatory_polyp,0,Signal-area baseline,0.5274151456651381,Tubular adenoma,Non-neoplastic
tubular_adenoma_vs_non_neoplastic,C25,inflammatory_polyp,0,Signal-area baseline,0.33171133512792605,Tubular adenoma,Non-neoplastic
tubular_adenoma_vs_non_neoplastic,C26,inflammatory_polyp,0,Signal-area baseline,0.5835419496390418,Tubular adenoma,Non-neoplastic
tubular_adenoma_vs_non_neoplastic,C29,inflammatory_polyp,0,Signal-area baseline,0.7855877082237603,Tubular adenoma,Non-neoplastic
tubular_adenoma_vs_non_neoplastic,C06,tubular_adenoma,1,Low-signal morphology baseline,0.6719922454913033,Tubular adenoma,Non-neoplastic
tubular_adenoma_vs_non_neoplastic,C07,inflammatory_polyp,0,Low-signal morphology baseline,0.16293810752786664,Tubular adenoma,Non-neoplastic
tubular_adenoma_vs_non_neoplastic,C08,tubular_adenoma,1,Low-signal morphology baseline,0.19993949811828723,Tubular adenoma,Non-neoplastic
tubular_adenoma_vs_non_neoplastic,C09,tubular_adenoma,1,Low-signal morphology baseline,0.748520785693117,Tubular adenoma,Non-neoplastic
tubular_adenoma_vs_non_neoplastic,C10,tubular_adenoma,1,Low-signal morphology baseline,0.47823472136877904,Tubular adenoma,Non-neoplastic
tubular_adenoma_vs_non_neoplastic,C11,tubular_adenoma,1,Low-signal morphology baseline,0.7616602987554267,Tubular adenoma,Non-neoplastic
tubular_adenoma_vs_non_neoplastic,C12,tubular_adenoma,1,Low-signal morphology baseline,0.5609615670404705,Tubular adenoma,Non-neoplastic
tubular_adenoma_vs_non_neoplastic,C13,hyperplastic_polyp,0,Low-signal morphology baseline,0.07120966200078804,Tubular adenoma,Non-neoplastic
tubular_adenoma_vs_non_neoplastic,C14,inflammatory_polyp,0,Low-signal morphology baseline,0.5690560417743166,Tubular adenoma,Non-neoplastic
tubular_adenoma_vs_non_neoplastic,C15,hyperplastic_polyp,0,Low-signal morphology baseline,0.8747336036164965,Tubular adenoma,Non-neoplastic
tubular_adenoma_vs_non_neoplastic,C16,hyperplastic_polyp,0,Low-signal morphology baseline,0.043935403519687236,Tubular adenoma,Non-neoplastic
tubular_adenoma_vs_non_neoplastic,C17,hyperplastic_polyp,0,Low-signal morphology baseline,0.4712439176066023,Tubular adenoma,Non-neoplastic
tubular_adenoma_vs_non_neoplastic,C18,hyperplastic_polyp,0,Low-signal morphology baseline,0.7957257715213738,Tubular adenoma,Non-neoplastic
tubular_adenoma_vs_non_neoplastic,C19,inflammatory_polyp,0,Low-signal morphology baseline,0.900582296404127,Tubular adenoma,Non-neoplastic
tubular_adenoma_vs_non_neoplastic,C20,inflammatory_polyp,0,Low-signal morphology baseline,0.02606412032878903,Tubular adenoma,Non-neoplastic
tubular_adenoma_vs_non_neoplastic,C21,hyperplastic_polyp,0,Low-signal morphology baseline,0.23815810982632846,Tubular adenoma,Non-neoplastic
tubular_adenoma_vs_non_neoplastic,C22,inflammatory_polyp,0,Low-signal morphology baseline,0.708209542495706,Tubular adenoma,Non-neoplastic
tubular_adenoma_vs_non_neoplastic,C23,inflammatory_polyp,0,Low-signal morphology baseline,0.2291261766038964,Tubular adenoma,Non-neoplastic
tubular_adenoma_vs_non_neoplastic,C24,inflammatory_polyp,0,Low-signal morphology baseline,0.38045577106024464,Tubular adenoma,Non-neoplastic
tubular_adenoma_vs_non_neoplastic,C25,inflammatory_polyp,0,Low-signal morphology baseline,0.018931849223890518,Tubular adenoma,Non-neoplastic
tubular_adenoma_vs_non_neoplastic,C26,inflammatory_polyp,0,Low-signal morphology baseline,0.3325951512677129,Tubular adenoma,Non-neoplastic
tubular_adenoma_vs_non_neoplastic,C29,inflammatory_polyp,0,Low-signal morphology baseline,0.9024238962913251,Tubular adenoma,Non-neoplastic
tubular_adenoma_vs_non_neoplastic,C06,tubular_adenoma,1,Full-feature baseline,0.8762892627890168,Tubular adenoma,Non-neoplastic
tubular_adenoma_vs_non_neoplastic,C07,inflammatory_polyp,0,Full-feature baseline,0.7552475437210551,Tubular adenoma,Non-neoplastic
tubular_adenoma_vs_non_neoplastic,C08,tubular_adenoma,1,Full-feature baseline,0.24266656350786678,Tubular adenoma,Non-neoplastic
tubular_adenoma_vs_non_neoplastic,C09,tubular_adenoma,1,Full-feature baseline,0.9303210767287811,Tubular adenoma,Non-neoplastic
tubular_adenoma_vs_non_neoplastic,C10,tubular_adenoma,1,Full-feature baseline,0.21138380785916433,Tubular adenoma,Non-neoplastic
tubular_adenoma_vs_non_neoplastic,C11,tubular_adenoma,1,Full-feature baseline,0.6126625112334523,Tubular adenoma,Non-neoplastic
tubular_adenoma_vs_non_neoplastic,C12,tubular_adenoma,1,Full-feature baseline,0.8049767365594181,Tubular adenoma,Non-neoplastic
tubular_adenoma_vs_non_neoplastic,C13,hyperplastic_polyp,0,Full-feature baseline,0.12715824861676567,Tubular adenoma,Non-neoplastic
tubular_adenoma_vs_non_neoplastic,C14,inflammatory_polyp,0,Full-feature baseline,0.3913647984179839,Tubular adenoma,Non-neoplastic
tubular_adenoma_vs_non_neoplastic,C15,hyperplastic_polyp,0,Full-feature baseline,0.511131603448575,Tubular adenoma,Non-neoplastic
tubular_adenoma_vs_non_neoplastic,C16,hyperplastic_polyp,0,Full-feature baseline,0.8137446008105922,Tubular adenoma,Non-neoplastic
tubular_adenoma_vs_non_neoplastic,C17,hyperplastic_polyp,0,Full-feature baseline,0.1448950245442619,Tubular adenoma,Non-neoplastic
tubular_adenoma_vs_non_neoplastic,C18,hyperplastic_polyp,0,Full-feature baseline,0.017502499697573105,Tubular adenoma,Non-neoplastic
tubular_adenoma_vs_non_neoplastic,C19,inflammatory_polyp,0,Full-feature baseline,0.9981540498474742,Tubular adenoma,Non-neoplastic
tubular_adenoma_vs_non_neoplastic,C20,inflammatory_polyp,0,Full-feature baseline,0.054030661732190476,Tubular adenoma,Non-neoplastic
tubular_adenoma_vs_non_neoplastic,C21,hyperplastic_polyp,0,Full-feature baseline,0.07186016683416348,Tubular adenoma,Non-neoplastic
tubular_adenoma_vs_non_neoplastic,C22,inflammatory_polyp,0,Full-feature baseline,0.8834791457669489,Tubular adenoma,Non-neoplastic
tubular_adenoma_vs_non_neoplastic,C23,inflammatory_polyp,0,Full-feature baseline,0.30714954385265714,Tubular adenoma,Non-neoplastic
tubular_adenoma_vs_non_neoplastic,C24,inflammatory_polyp,0,Full-feature baseline,0.1509152426994037,Tubular adenoma,Non-neoplastic
tubular_adenoma_vs_non_neoplastic,C25,inflammatory_polyp,0,Full-feature baseline,0.0013201531004088057,Tubular adenoma,Non-neoplastic
tubular_adenoma_vs_non_neoplastic,C26,inflammatory_polyp,0,Full-feature baseline,0.5196895909672142,Tubular adenoma,Non-neoplastic
tubular_adenoma_vs_non_neoplastic,C29,inflammatory_polyp,0,Full-feature baseline,0.6960048582964985,Tubular adenoma,Non-neoplastic
tubular_adenoma_vs_non_neoplastic,C06,tubular_adenoma,1,Task-specific compact panel,0.8272629867732566,Tubular adenoma,Non-neoplastic
tubular_adenoma_vs_non_neoplastic,C07,inflammatory_polyp,0,Task-specific compact panel,0.6798799066954994,Tubular adenoma,Non-neoplastic
tubular_adenoma_vs_non_neoplastic,C08,tubular_adenoma,1,Task-specific compact panel,0.37685560368831067,Tubular adenoma,Non-neoplastic
tubular_adenoma_vs_non_neoplastic,C09,tubular_adenoma,1,Task-specific compact panel,0.809494529483496,Tubular adenoma,Non-neoplastic
tubular_adenoma_vs_non_neoplastic,C10,tubular_adenoma,1,Task-specific compact panel,0.9024329162823221,Tubular adenoma,Non-neoplastic
tubular_adenoma_vs_non_neoplastic,C11,tubular_adenoma,1,Task-specific compact panel,0.44550483378184047,Tubular adenoma,Non-neoplastic
tubular_adenoma_vs_non_neoplastic,C12,tubular_adenoma,1,Task-specific compact panel,0.8230432230433593,Tubular adenoma,Non-neoplastic
tubular_adenoma_vs_non_neoplastic,C13,hyperplastic_polyp,0,Task-specific compact panel,0.07348385036505828,Tubular adenoma,Non-neoplastic
tubular_adenoma_vs_non_neoplastic,C14,inflammatory_polyp,0,Task-specific compact panel,0.3835748220576007,Tubular adenoma,Non-neoplastic
tubular_adenoma_vs_non_neoplastic,C15,hyperplastic_polyp,0,Task-specific compact panel,0.17001844359282853,Tubular adenoma,Non-neoplastic
tubular_adenoma_vs_non_neoplastic,C16,hyperplastic_polyp,0,Task-specific compact panel,0.7844520064815718,Tubular adenoma,Non-neoplastic
tubular_adenoma_vs_non_neoplastic,C17,hyperplastic_polyp,0,Task-specific compact panel,0.11356240791379764,Tubular adenoma,Non-neoplastic
tubular_adenoma_vs_non_neoplastic,C18,hyperplastic_polyp,0,Task-specific compact panel,0.006928809234931048,Tubular adenoma,Non-neoplastic
tubular_adenoma_vs_non_neoplastic,C19,inflammatory_polyp,0,Task-specific compact panel,0.3401345561184646,Tubular adenoma,Non-neoplastic
tubular_adenoma_vs_non_neoplastic,C20,inflammatory_polyp,0,Task-specific compact panel,0.1975111340339699,Tubular adenoma,Non-neoplastic
tubular_adenoma_vs_non_neoplastic,C21,hyperplastic_polyp,0,Task-specific compact panel,0.0974271165039051,Tubular adenoma,Non-neoplastic
tubular_adenoma_vs_non_neoplastic,C22,inflammatory_polyp,0,Task-specific compact panel,0.7840247718818225,Tubular adenoma,Non-neoplastic
tubular_adenoma_vs_non_neoplastic,C23,inflammatory_polyp,0,Task-specific compact panel,0.534408608542534,Tubular adenoma,Non-neoplastic
tubular_adenoma_vs_non_neoplastic,C24,inflammatory_polyp,0,Task-specific compact panel,0.2954454000668204,Tubular adenoma,Non-neoplastic
tubular_adenoma_vs_non_neoplastic,C25,inflammatory_polyp,0,Task-specific compact panel,0.0014486006167224424,Tubular adenoma,Non-neoplastic
tubular_adenoma_vs_non_neoplastic,C26,inflammatory_polyp,0,Task-specific compact panel,0.49383112452065664,Tubular adenoma,Non-neoplastic
tubular_adenoma_vs_non_neoplastic,C29,inflammatory_polyp,0,Task-specific compact panel,0.629165282179103,Tubular adenoma,Non-neoplastic
