task,model_name,point_index,false_positive_rate,true_positive_rate,threshold
malignant_vs_non_malignant,Intensity-distribution baseline,0,0.0,0.0,inf
malignant_vs_non_malignant,Intensity-distribution baseline,1,0.045454545454545456,0.0,0.9864020692777654
malignant_vs_non_malignant,Intensity-distribution baseline,2,0.09090909090909091,0.0,0.9684690876626404
malignant_vs_non_malignant,Intensity-distribution baseline,3,0.09090909090909091,0.2857142857142857,0.9074555770718337
malignant_vs_non_malignant,Intensity-distribution baseline,4,0.13636363636363635,0.2857142857142857,0.7564813602932916
malignant_vs_non_malignant,Intensity-distribution baseline,5,0.13636363636363635,0.42857142857142855,0.603403868370016
malignant_vs_non_malignant,Intensity-distribution baseline,6,0.2727272727272727,0.42857142857142855,0.41435205063104674
malignant_vs_non_malignant,Intensity-distribution baseline,7,0.2727272727272727,0.5714285714285714,0.3937225923310091
malignant_vs_non_malignant,Intensity-distribution baseline,8,0.4090909090909091,0.5714285714285714,0.3497961000229646
malignant_vs_non_malignant,Intensity-distribution baseline,9,0.4090909090909091,0.7142857142857143,0.3412542061122537
malignant_vs_non_malignant,Intensity-distribution baseline,10,0.7727272727272727,0.7142857142857143,0.2153188606785366
malignant_vs_non_malignant,Intensity-distribution baseline,11,0.7727272727272727,0.8571428571428571,0.16345306994027542
malignant_vs_non_malignant,Intensity-distribution baseline,12,1.0,0.8571428571428571,0.011293048609735835
malignant_vs_non_malignant,Intensity-distribution baseline,13,1.0,1.0,0.005252780267417464
malignant_vs_non_malignant,GLCM texture baseline,0,0.0,0.0,inf
malignant_vs_non_malignant,GLCM texture baseline,1,0.0,0.14285714285714285,0.9489075334166834
malignant_vs_non_malignant,GLCM texture baseline,2,0.0,0.2857142857142857,0.9376637872866976
malignant_vs_non_malignant,GLCM texture baseline,3,0.045454545454545456,0.2857142857142857,0.8136284000807728
malignant_vs_non_malignant,GLCM texture baseline,4,0.045454545454545456,0.5714285714285714,0.7049083663560726
malignant_vs_non_malignant,GLCM texture baseline,5,0.09090909090909091,0.5714285714285714,0.593697495138439
malignant_vs_non_malignant,GLCM texture baseline,6,0.09090909090909091,0.7142857142857143,0.5819152135039372
malignant_vs_non_malignant,GLCM texture baseline,7,0.4090909090909091,0.7142857142857143,0.3173463659081321
malignant_vs_non_malignant,GLCM texture baseline,8,0.4090909090909091,0.8571428571428571,0.3120668018078497
malignant_vs_non_malignant,GLCM texture baseline,9,0.6818181818181818,0.8571428571428571,0.21571136292503626
malignant_vs_non_malignant,GLCM texture baseline,10,0.6818181818181818,1.0,0.21230493916197624
malignant_vs_non_malignant,GLCM texture baseline,11,1.0,1.0,0.11452378004505342
malignant_vs_non_malignant,Signal-area baseline,0,0.0,0.0,inf
malignant_vs_non_malignant,Signal-area baseline,1,0.045454545454545456,0.0,0.6135243770403244
malignant_vs_non_malignant,Signal-area baseline,2,0.22727272727272727,0.0,0.5781464059171958
malignant_vs_non_malignant,Signal-area baseline,3,0.22727272727272727,0.2857142857142857,0.5756137737672643
malignant_vs_non_malignant,Signal-area baseline,4,0.45454545454545453,0.2857142857142857,0.5367413983426126
malignant_vs_non_malignant,Signal-area baseline,5,0.45454545454545453,0.42857142857142855,0.5347124998166263
malignant_vs_non_malignant,Signal-area baseline,6,0.5,0.42857142857142855,0.5297974265641291
malignant_vs_non_malignant,Signal-area baseline,7,0.5,0.5714285714285714,0.5237613860944709
malignant_vs_non_malignant,Signal-area baseline,8,0.5454545454545454,0.5714285714285714,0.5181771974757993
malignant_vs_non_malignant,Signal-area baseline,9,0.5454545454545454,0.7142857142857143,0.5134587120180243
malignant_vs_non_malignant,Signal-area baseline,10,1.0,0.7142857142857143,0.25517235904451685
malignant_vs_non_malignant,Signal-area baseline,11,1.0,1.0,0.011006632244119347
malignant_vs_non_malignant,Low-signal morphology baseline,0,0.0,0.0,inf
malignant_vs_non_malignant,Low-signal morphology baseline,1,0.045454545454545456,0.0,0.9551447175524216
malignant_vs_non_malignant,Low-signal morphology baseline,2,0.09090909090909091,0.0,0.8365424709966246
malignant_vs_non_malignant,Low-signal morphology baseline,3,0.09090909090909091,0.2857142857142857,0.729699087374189
malignant_vs_non_malignant,Low-signal morphology baseline,4,0.18181818181818182,0.2857142857142857,0.6723630916570794
malignant_vs_non_malignant,Low-signal morphology baseline,5,0.18181818181818182,0.5714285714285714,0.6323039532807441
malignant_vs_non_malignant,Low-signal morphology baseline,6,0.4090909090909091,0.5714285714285714,0.4791037555208052
malignant_vs_non_malignant,Low-signal morphology baseline,7,0.4090909090909091,0.8571428571428571,0.3575775574932103
malignant_vs_non_malignant,Low-signal morphology baseline,8,1.0,0.8571428571428571,0.004172975867837879
malignant_vs_non_malignant,Low-signal morphology baseline,9,1.0,1.0,0.00015964147536228046
malignant_vs_non_malignant,Full-feature baseline,0,0.0,0.0,inf
malignant_vs_non_malignant,Full-feature baseline,1,0.0,0.14285714285714285,0.9907389619187469
malignant_vs_non_malignant,Full-feature baseline,2,0.0,0.2857142857142857,0.9313502244357714
malignant_vs_non_malignant,Full-feature baseline,3,0.13636363636363635,0.2857142857142857,0.8390086549622089
malignant_vs_non_malignant,Full-feature baseline,4,0.13636363636363635,0.42857142857142855,0.753065084435321
malignant_vs_non_malignant,Full-feature baseline,5,0.22727272727272727,0.42857142857142855,0.5188912784870542
malignant_vs_non_malignant,Full-feature baseline,6,0.22727272727272727,0.5714285714285714,0.46627174149392175
malignant_vs_non_malignant,Full-feature baseline,7,0.45454545454545453,0.5714285714285714,0.2750219764292153
malignant_vs_non_malignant,Full-feature baseline,8,0.45454545454545453,0.7142857142857143,0.23227563956124073
malignant_vs_non_malignant,Full-feature baseline,9,0.8181818181818182,0.7142857142857143,0.06316241736017032
malignant_vs_non_malignant,Full-feature baseline,10,0.8181818181818182,0.8571428571428571,0.05499130366042956
malignant_vs_non_malignant,Full-feature baseline,11,0.9090909090909091,0.8571428571428571,0.019593030014820715
malignant_vs_non_malignant,Full-feature baseline,12,0.9090909090909091,1.0,0.004981364180810602
malignant_vs_non_malignant,Full-feature baseline,13,1.0,1.0,0.004328553068419842
malignant_vs_non_malignant,Task-specific compact panel,0,0.0,0.0,inf
malignant_vs_non_malignant,Task-specific compact panel,1,0.0,0.14285714285714285,0.940396738770324
malignant_vs_non_malignant,Task-specific compact panel,2,0.045454545454545456,0.14285714285714285,0.9049432955417175
malignant_vs_non_malignant,Task-specific compact panel,3,0.045454545454545456,0.42857142857142855,0.867891173483747
malignant_vs_non_malignant,Task-specific compact panel,4,0.09090909090909091,0.42857142857142855,0.8438189965456281
malignant_vs_non_malignant,Task-specific compact panel,5,0.09090909090909091,0.7142857142857143,0.7129070803925915
malignant_vs_non_malignant,Task-specific compact panel,6,0.13636363636363635,0.7142857142857143,0.6881318257048505
malignant_vs_non_malignant,Task-specific compact panel,7,0.13636363636363635,0.8571428571428571,0.6337872233739688
malignant_vs_non_malignant,Task-specific compact panel,8,0.7727272727272727,0.8571428571428571,0.1286697052102506
malignant_vs_non_malignant,Task-specific compact panel,9,0.7727272727272727,1.0,0.11532177234544976
malignant_vs_non_malignant,Task-specific compact panel,10,1.0,1.0,0.006658549709992155
inflammatory_vs_hyperplastic,Intensity-distribution baseline,0,0.0,0.0,inf
inflammatory_vs_hyperplastic,Intensity-distribution baseline,1,0.0,0.1,0.9678643362384834
inflammatory_vs_hyperplastic,Intensity-distribution baseline,2,0.0,0.4,0.8789638017955723
inflammatory_vs_hyperplastic,Intensity-distribution baseline,3,0.16666666666666666,0.4,0.7752399341831793
inflammatory_vs_hyperplastic,Intensity-distribution baseline,4,0.16666666666666666,0.8,0.3783468584218871
inflammatory_vs_hyperplastic,Intensity-distribution baseline,5,1.0,0.8,0.13273982167143888
inflammatory_vs_hyperplastic,Intensity-distribution baseline,6,1.0,1.0,2.4717334169104142e-36
inflammatory_vs_hyperplastic,GLCM texture baseline,0,0.0,0.0,inf
inflammatory_vs_hyperplastic,GLCM texture baseline,1,0.16666666666666666,0.0,0.9999995670984161
inflammatory_vs_hyperplastic,GLCM texture baseline,2,0.16666666666666666,0.3,0.7966891051950463
inflammatory_vs_hyperplastic,GLCM texture baseline,3,0.3333333333333333,0.3,0.7262307798162245
inflammatory_vs_hyperplastic,GLCM texture baseline,4,0.3333333333333333,0.8,0.4719669664598465
inflammatory_vs_hyperplastic,GLCM texture baseline,5,0.5,0.8,0.46686550256228504
inflammatory_vs_hyperplastic,GLCM texture baseline,6,0.5,0.9,0.4354946853513144
inflammatory_vs_hyperplastic,GLCM texture baseline,7,1.0,0.9,0.13676161438049245
inflammatory_vs_hyperplastic,GLCM texture baseline,8,1.0,1.0,0.01196743802194754
inflammatory_vs_hyperplastic,Signal-area baseline,0,0.0,0.0,inf
inflammatory_vs_hyperplastic,Signal-area baseline,1,0.0,0.1,0.8238485913154131
inflammatory_vs_hyperplastic,Signal-area baseline,2,0.0,0.2,0.7610870789583906
inflammatory_vs_hyperplastic,Signal-area baseline,3,0.16666666666666666,0.2,0.7352892105541707
inflammatory_vs_hyperplastic,Signal-area baseline,4,0.16666666666666666,0.6,0.6265897552035333
inflammatory_vs_hyperplastic,Signal-area baseline,5,0.3333333333333333,0.6,0.5054343396569071
inflammatory_vs_hyperplastic,Signal-area baseline,6,0.3333333333333333,0.8,0.4980801836987736
inflammatory_vs_hyperplastic,Signal-area baseline,7,0.5,0.8,0.43650875974586767
inflammatory_vs_hyperplastic,Signal-area baseline,8,0.5,0.9,0.3693625643178135
inflammatory_vs_hyperplastic,Signal-area baseline,9,1.0,0.9,0.12443384451090778
inflammatory_vs_hyperplastic,Signal-area baseline,10,1.0,1.0,0.12134233258294026
inflammatory_vs_hyperplastic,Low-signal morphology baseline,0,0.0,0.0,inf
inflammatory_vs_hyperplastic,Low-signal morphology baseline,1,0.0,0.1,0.9979511079319635
inflammatory_vs_hyperplastic,Low-signal morphology baseline,2,0.0,0.4,0.8337478588148339
inflammatory_vs_hyperplastic,Low-signal morphology baseline,3,0.16666666666666666,0.4,0.7114320913578598
inflammatory_vs_hyperplastic,Low-signal morphology baseline,4,0.16666666666666666,0.8,0.5961645390193164
inflammatory_vs_hyperplastic,Low-signal morphology baseline,5,0.8333333333333334,0.8,0.14863284049231065
inflammatory_vs_hyperplastic,Low-signal morphology baseline,6,0.8333333333333334,1.0,0.0727820289182288
inflammatory_vs_hyperplastic,Low-signal morphology baseline,7,1.0,1.0,0.03802488035689957
inflammatory_vs_hyperplastic,Full-feature baseline,0,0.0,0.0,inf
inflammatory_vs_hyperplastic,Full-feature baseline,1,0.16666666666666666,0.0,0.9999901486191366
inflammatory_vs_hyperplastic,Full-feature baseline,2,0.16666666666666666,0.4,0.9394921227603029
inflammatory_vs_hyperplastic,Full-feature baseline,3,0.3333333333333333,0.4,0.7043828886422656
inflammatory_vs_hyperplastic,Full-feature baseline,4,0.3333333333333333,0.6,0.6323966875117576
inflammatory_vs_hyperplastic,Full-feature baseline,5,0.5,0.6,0.4925095859307212
inflammatory_vs_hyperplastic,Full-feature baseline,6,0.5,0.7,0.41056964718225025
inflammatory_vs_hyperplastic,Full-feature baseline,7,0.8333333333333334,0.7,0.05841993050208078
inflammatory_vs_hyperplastic,Full-feature baseline,8,0.8333333333333334,0.9,0.011568258123914354
inflammatory_vs_hyperplastic,Full-feature baseline,9,1.0,0.9,0.0015017292220711527
inflammatory_vs_hyperplastic,Full-feature baseline,10,1.0,1.0,1.7084595758681008e-09
inflammatory_vs_hyperplastic,Task-specific compact panel,0,0.0,0.0,inf
inflammatory_vs_hyperplastic,Task-specific compact panel,1,0.0,0.1,0.9971541199759737
inflammatory_vs_hyperplastic,Task-specific compact panel,2,0.0,0.9,0.468239262377086
inflammatory_vs_hyperplastic,Task-specific compact panel,3,1.0,0.9,0.15392069162059893
inflammatory_vs_hyperplastic,Task-specific compact panel,4,1.0,1.0,0.014838186295273495
tubular_adenoma_vs_non_neoplastic,Intensity-distribution baseline,0,0.0,0.0,inf
tubular_adenoma_vs_non_neoplastic,Intensity-distribution baseline,1,0.0625,0.0,0.9990817740714579
tubular_adenoma_vs_non_neoplastic,Intensity-distribution baseline,2,0.3125,0.0,0.7292726150521882
tubular_adenoma_vs_non_neoplastic,Intensity-distribution baseline,3,0.3125,0.5,0.5550396806648796
tubular_adenoma_vs_non_neoplastic,Intensity-distribution baseline,4,0.4375,0.5,0.49881899589449674
tubular_adenoma_vs_non_neoplastic,Intensity-distribution baseline,5,0.4375,0.6666666666666666,0.44877078015661737
tubular_adenoma_vs_non_neoplastic,Intensity-distribution baseline,6,0.5625,0.6666666666666666,0.35773245706637335
tubular_adenoma_vs_non_neoplastic,Intensity-distribution baseline,7,0.5625,1.0,0.3451356285806453
tubular_adenoma_vs_non_neoplastic,Intensity-distribution baseline,8,1.0,1.0,0.020753892559920183
tubular_adenoma_vs_non_neoplastic,GLCM texture baseline,0,0.0,0.0,inf
tubular_adenoma_vs_non_neoplastic,GLCM texture baseline,1,0.0625,0.0,0.9331806777544979
tubular_adenoma_vs_non_neoplastic,GLCM texture baseline,2,0.0625,0.16666666666666666,0.875613815705983
tubular_adenoma_vs_non_neoplastic,GLCM texture baseline,3,0.125,0.16666666666666666,0.823217600913473
tubular_adenoma_vs_non_neoplastic,GLCM texture baseline,4,0.125,0.3333333333333333,0.8216006114984236
tubular_adenoma_vs_non_neoplastic,GLCM texture baseline,5,0.1875,0.3333333333333333,0.8069028579955619
tubular_adenoma_vs_non_neoplastic,GLCM texture baseline,6,0.1875,0.6666666666666666,0.7137495715939408
tubular_adenoma_vs_non_neoplastic,GLCM texture baseline,7,0.3125,0.6666666666666666,0.6136899489055491
tubular_adenoma_vs_non_neoplastic,GLCM texture baseline,8,0.3125,0.8333333333333334,0.4486616487636573
tubular_adenoma_vs_non_neoplastic,GLCM texture baseline,9,0.4375,0.8333333333333334,0.37827703180427863
tubular_adenoma_vs_non_neoplastic,GLCM texture baseline,10,0.4375,1.0,0.3549516961976496
tubular_adenoma_vs_non_neoplastic,GLCM texture baseline,11,1.0,1.0,0.006949007923863352
tubular_adenoma_vs_non_neoplastic,Signal-area baseline,0,0.0,0.0,inf
tubular_adenoma_vs_non_neoplastic,Signal-area baseline,1,0.0625,0.0,0.8256255115044779
tubular_adenoma_vs_non_neoplastic,Signal-area baseline,2,0.1875,0.0,0.6894614704562646
tubular_adenoma_vs_non_neoplastic,Signal-area baseline,3,0.1875,0.16666666666666666,0.625387367098892
tubular_adenoma_vs_non_neoplastic,Signal-area baseline,4,0.375,0.16666666666666666,0.5764043418672753
tubular_adenoma_vs_non_neoplastic,Signal-area baseline,5,0.375,0.3333333333333333,0.5759046645674767
tubular_adenoma_vs_non_neoplastic,Signal-area baseline,6,0.4375,0.3333333333333333,0.5670020249944465
tubular_adenoma_vs_non_neoplastic,Signal-area baseline,7,0.4375,0.5,0.5597640482217157
tubular_adenoma_vs_non_neoplastic,Signal-area baseline,8,0.5625,0.5,0.4342533039317616
tubular_adenoma_vs_non_neoplastic,Signal-area baseline,9,0.5625,0.8333333333333334,0.42793040371298113
tubular_adenoma_vs_non_neoplastic,Signal-area baseline,10,0.625,0.8333333333333334,0.4075096165072254
tubular_adenoma_vs_non_neoplastic,Signal-area baseline,11,0.625,1.0,0.35646312231921945
tubular_adenoma_vs_non_neoplastic,Signal-area baseline,12,1.0,1.0,0.10385699450430624
tubular_adenoma_vs_non_neoplastic,Low-signal morphology baseline,0,0.0,0.0,inf
tubular_adenoma_vs_non_neoplastic,Low-signal morphology baseline,1,0.0625,0.0,0.9024238962913251
tubular_adenoma_vs_non_neoplastic,Low-signal morphology baseline,2,0.25,0.0,0.7957257715213738
tubular_adenoma_vs_non_neoplastic,Low-signal morphology baseline,3,0.25,0.3333333333333333,0.748520785693117
tubular_adenoma_vs_non_neoplastic,Low-signal morphology baseline,4,0.3125,0.3333333333333333,0.708209542495706
tubular_adenoma_vs_non_neoplastic,Low-signal morphology baseline,5,0.3125,0.5,0.6719922454913033
tubular_adenoma_vs_non_neoplastic,Low-signal morphology baseline,6,0.375,0.5,0.5690560417743166
tubular_adenoma_vs_non_neoplastic,Low-signal morphology baseline,7,0.375,0.8333333333333334,0.47823472136877904
tubular_adenoma_vs_non_neoplastic,Low-signal morphology baseline,8,0.6875,0.8333333333333334,0.2291261766038964
tubular_adenoma_vs_non_neoplastic,Low-signal morphology baseline,9,0.6875,1.0,0.19993949811828723
tubular_adenoma_vs_non_neoplastic,Low-signal morphology baseline,10,1.0,1.0,0.018931849223890518
tubular_adenoma_vs_non_neoplastic,Full-feature baseline,0,0.0,0.0,inf
tubular_adenoma_vs_non_neoplastic,Full-feature baseline,1,0.0625,0.0,0.9981540498474742
tubular_adenoma_vs_non_neoplastic,Full-feature baseline,2,0.0625,0.16666666666666666,0.9303210767287811
tubular_adenoma_vs_non_neoplastic,Full-feature baseline,3,0.125,0.16666666666666666,0.8834791457669489
tubular_adenoma_vs_non_neoplastic,Full-feature baseline,4,0.125,0.3333333333333333,0.8762892627890168
tubular_adenoma_vs_non_neoplastic,Full-feature baseline,5,0.1875,0.3333333333333333,0.8137446008105922
tubular_adenoma_vs_non_neoplastic,Full-feature baseline,6,0.1875,0.5,0.8049767365594181
tubular_adenoma_vs_non_neoplastic,Full-feature baseline,7,0.3125,0.5,0.6960048582964985
tubular_adenoma_vs_non_neoplastic,Full-feature baseline,8,0.3125,0.6666666666666666,0.6126625112334523
tubular_adenoma_vs_non_neoplastic,Full-feature baseline,9,0.5625,0.6666666666666666,0.30714954385265714
tubular_adenoma_vs_non_neoplastic,Full-feature baseline,10,0.5625,1.0,0.21138380785916433
tubular_adenoma_vs_non_neoplastic,Full-feature baseline,11,1.0,1.0,0.0013201531004088057
tubular_adenoma_vs_non_neoplastic,Task-specific compact panel,0,0.0,0.0,inf
tubular_adenoma_vs_non_neoplastic,Task-specific compact panel,1,0.0,0.16666666666666666,0.9024329162823221
tubular_adenoma_vs_non_neoplastic,Task-specific compact panel,2,0.0,0.6666666666666666,0.809494529483496
tubular_adenoma_vs_non_neoplastic,Task-specific compact panel,3,0.375,0.6666666666666666,0.49383112452065664
tubular_adenoma_vs_non_neoplastic,Task-specific compact panel,4,0.375,0.8333333333333334,0.44550483378184047
tubular_adenoma_vs_non_neoplastic,Task-specific compact panel,5,0.4375,0.8333333333333334,0.3835748220576007
tubular_adenoma_vs_non_neoplastic,Task-specific compact panel,6,0.4375,1.0,0.37685560368831067
tubular_adenoma_vs_non_neoplastic,Task-specific compact panel,7,1.0,1.0,0.0014486006167224424
